GLOBALEVENTID,SQLDATE,MonthYear,Year,FractionDate,Actor1Code,Actor1Name,Actor1CountryCode,Actor1KnownGroupCode,Actor1EthnicCode,Actor1Religion1Code,Actor1Religion2Code,Actor1Type1Code,Actor1Type2Code,Actor1Type3Code,Actor2Code,Actor2Name,Actor2CountryCode,Actor2KnownGroupCode,Actor2EthnicCode,Actor2Religion1Code,Actor2Religion2Code,Actor2Type1Code,Actor2Type2Code,Actor2Type3Code,IsRootEvent,EventCode,EventBaseCode,EventRootCode,QuadClass,GoldsteinScale,NumMentions,NumSources,NumArticles,AvgTone,Actor1Geo_Type,Actor1Geo_FullName,Actor1Geo_CountryCode,Actor1Geo_ADM1Code,Actor1Geo_Lat,Actor1Geo_Long,Actor1Geo_FeatureID,Actor2Geo_Type,Actor2Geo_FullName,Actor2Geo_CountryCode,Actor2Geo_ADM1Code,Actor2Geo_Lat,Actor2Geo_Long,Actor2Geo_FeatureID,ActionGeo_Type,ActionGeo_FullName,ActionGeo_CountryCode,ActionGeo_ADM1Code,ActionGeo_Lat,ActionGeo_Long,ActionGeo_FeatureID,DATEADDED,SOURCEURL
332413765,20150118,201501,2015,2015.0493,,,,,,,,,,,ARE,DUBAI,ARE,,,,,,,,1,042,042,04,1,1.9,2,1,2,4.61538461538462,0,,,,,,,4,"Mumbai, Maharashtra, India",IN,IN16,18.975,72.8258,-2092174,4,"Mumbai, Maharashtra, India",IN,IN16,18.975,72.8258,-2092174,20150118,http://customstoday.com.pk/indian-air-customs-intelligence-seizes-16kg-saffron-380g-gold-nabs-two-smugglers/
332413766,20150118,201501,2015,2015.0493,,,,,,,,,,,ARE,DUBAI,ARE,,,,,,,,1,042,042,04,1,1.9,8,1,8,4.61538461538462,0,,,,,,,4,"Mangaluru, Karnataka, India",IN,IN19,12.8639,74.8353,-2103790,4,"Mangaluru, Karnataka, India",IN,IN19,12.8639,74.8353,-2103790,20150118,http://customstoday.com.pk/indian-air-customs-intelligence-seizes-16kg-saffron-380g-gold-nabs-two-smugglers/
332414371,20150118,201501,2015,2015.0493,,,,,,,,,,,BUS,COMPANY,,,,,,BUS,,,1,057,057,05,1,8.0,5,1,5,5.72916666666667,0,,,,,,,4,"Bea Mountain, Grand Cape Mount, Liberia",LI,LI12,7.13333,-11,-2130103,4,"Bea Mountain, Grand Cape Mount, Liberia",LI,LI12,7.13333,-11,-2130103,20150118,http://frontpageafricaonline.com/index.php/business-tech/4295-committed-to-liberia-aureus-monurent-building-1st-gold-mine
332414376,20150118,201501,2015,2015.0493,,,,,,,,,,,BUS,COMPANY,,,,,,BUS,,,0,057,057,05,1,8.0,10,1,10,1.70603674540682,0,,,,,,,1,Israel,IS,IS,31.5,34.75,IS,1,Israel,IS,IS,31.5,34.75,IS,20150118,http://nehandaradio.com/2015/01/19/minister-gold-mine-ownership-wrangle/
332414657,20150118,201501,2015,2015.0493,,,,,,,,,,,CHE,SWISS,CHE,,,,,,,,1,043,043,04,1,2.8,2,1,2,7.02087286527514,0,,,,,,,1,Switzerland,SZ,SZ,47,8,SZ,1,Switzerland,SZ,SZ,47,8,SZ,20150118,http://article.wn.com/view/2015/01/19/PRECIOUSGold_trades_near_4month_high_on_safe_haven_demand/
332414678,20150118,201501,2015,2015.0493,,,,,,,,,,,CHN,CHINESE,CHN,,,,,,,,0,020,020,02,1,3.0,2,1,2,4.01913875598086,0,,,,,,,4,"Shanghai, Shanghai, China",CH,CH23,31.2222,121.458,-1924465,4,"Shanghai, Shanghai, China",CH,CH23,31.2222,121.458,-1924465,20150118,http://seekingalpha.com/article/2828576-will-chinese-gold-demand-end-2014-with-a-boom
332414722,20150118,201501,2015,2015.0493,,,,,,,,,,,CHN,CHINA,CHN,,,,,,,,1,057,057,05,1,8.0,1,1,1,2.67558528428094,0,,,,,,,1,Russia,RS,RS,60,100,RS,1,India,IN,IN,20,77,IN,20150118,http://www.albawaba.com/business/pr/dgcx-gold-grow-645502
332414723,20150118,201501,2015,2015.0493,,,,,,,,,,,CHN,CHINA,CHN,,,,,,,,1,057,057,05,1,8.0,4,1,4,2.67558528428094,0,,,,,,,1,Russia,RS,RS,60,100,RS,1,Russia,RS,RS,60,100,RS,20150118,http://www.albawaba.com/business/pr/dgcx-gold-grow-645502
332414735,20150118,201501,2015,2015.0493,,,,,,,,,,,CHN,CHINESE,CHN,,,,,,,,0,0874,087,08,2,10.0,2,1,2,4.01913875598086,0,,,,,,,4,"Shanghai, Shanghai, China",CH,CH23,31.2222,121.458,-1924465,4,"Shanghai, Shanghai, China",CH,CH23,31.2222,121.458,-1924465,20150118,http://seekingalpha.com/article/2828576-will-chinese-gold-demand-end-2014-with-a-boom
332415003,20150118,201501,2015,2015.0493,,,,,,,,,,,COP,SECURITY CHECK,,,,,,COP,,,1,042,042,04,1,1.9,10,1,10,5.63380281690141,0,,,,,,,4,"Hyderabad, Andhra Pradesh, India",IN,IN02,17.3753,78.4744,-2097701,4,"Hyderabad, Andhra Pradesh, India",IN,IN02,17.3753,78.4744,-2097701,20150118,http://www.thehansindia.com/posts/index/2015-01-18/Air-Intel-recover-28kg-gold-from-Saudi-bound-flight-126598
332415671,20150118,201501,2015,2015.0493,,,,,,,,,,,CVL,RESIDENTS,,,,,,CVL,,,1,043,043,04,1,2.8,4,1,4,4.08921933085502,0,,,,,,,4,"Mumbai, Maharashtra, India",IN,IN16,18.975,72.8258,-2092174,4,"Mumbai, Maharashtra, India",IN,IN16,18.975,72.8258,-2092174,20150118,http://www.thehindu.com/news/cities/bangalore/22-kg-gold-seized-from-two-auto-passengers/article6800370.ece
332415956,20150118,201501,2015,2015.0493,,,,,,,,,,,DZAJUD,ALGERIA,DZA,,,,,JUD,,,1,036,036,03,1,4.0,2,1,2,3.20754716981132,0,,,,,,,1,Algeria,AG,AG,28,3,AG,1,Algeria,AG,AG,28,3,AG,20150118,http://www.thenational.ae/arts-lifestyle/television/golden-moments-from-arabs-got-talent-inlcude-nadia-qazi-playing-turkish-march-on-the-piano
332418794,20150118,201501,2015,2015.0493,,,,,,,,,,,JUD,JUDGE,,,,,,JUD,,,1,036,036,03,1,4.0,6,1,6,3.20754716981132,0,,,,,,,1,Algeria,AG,AG,28,3,AG,1,Algeria,AG,AG,28,3,AG,20150118,http://www.thenational.ae/arts-lifestyle/television/golden-moments-from-arabs-got-talent-inlcude-nadia-qazi-playing-turkish-march-on-the-piano
332418854,20150118,201501,2015,2015.0493,,,,,,,,,,,JUD,ATTORNEY,,,,,,JUD,,,0,100,100,10,3,-5.0,10,1,10,1.70603674540682,0,,,,,,,1,Israel,IS,IS,31.5,34.75,IS,1,Israel,IS,IS,31.5,34.75,IS,20150118,http://nehandaradio.com/2015/01/19/minister-gold-mine-ownership-wrangle/
332419028,20150118,201501,2015,2015.0493,,,,,,,,,,,LBN,BEIRUT,LBN,,,,,,,,1,042,042,04,1,1.9,6,1,6,3.20754716981132,0,,,,,,,1,Morocco,MO,MO,32,-5,MO,1,Morocco,MO,MO,32,-5,MO,20150118,http://www.thenational.ae/arts-lifestyle/television/golden-moments-from-arabs-got-talent-inlcude-nadia-qazi-playing-turkish-march-on-the-piano
332419050,20150118,201501,2015,2015.0493,,,,,,,,,,,LBR,LIBERIA,LBR,,,,,,,,0,017,017,01,1,0.0,4,1,4,5.72916666666667,0,,,,,,,4,"Bea Mountain, Grand Cape Mount, Liberia",LI,LI12,7.13333,-11,-2130103,4,"Bea Mountain, Grand Cape Mount, Liberia",LI,LI12,7.13333,-11,-2130103,20150118,http://frontpageafricaonline.com/index.php/business-tech/4295-committed-to-liberia-aureus-monurent-building-1st-gold-mine
332419056,20150118,201501,2015,2015.0493,,,,,,,,,,,LBR,LIBERIA,LBR,,,,,,,,0,051,051,05,1,3.4,4,1,4,5.72916666666667,0,,,,,,,4,"Bea Mountain, Grand Cape Mount, Liberia",LI,LI12,7.13333,-11,-2130103,4,"Bea Mountain, Grand Cape Mount, Liberia",LI,LI12,7.13333,-11,-2130103,20150118,http://frontpageafricaonline.com/index.php/business-tech/4295-committed-to-liberia-aureus-monurent-building-1st-gold-mine
332419057,20150118,201501,2015,2015.0493,,,,,,,,,,,LBR,LIBERIA,LBR,,,,,,,,0,0841,084,08,2,7.0,4,1,4,5.72916666666667,0,,,,,,,4,"Bea Mountain, Grand Cape Mount, Liberia",LI,LI12,7.13333,-11,-2130103,4,"Bea Mountain, Grand Cape Mount, Liberia",LI,LI12,7.13333,-11,-2130103,20150118,http://frontpageafricaonline.com/index.php/business-tech/4295-committed-to-liberia-aureus-monurent-building-1st-gold-mine
332419153,20150118,201501,2015,2015.0493,,,,,,,,,,,LEG,REPRESENTATIVES,,,,,,LEG,,,0,040,040,04,1,1.0,6,1,6,2.18181818181818,0,,,,,,,3,"Gold Hill, North Carolina, United States",US,USNC,35.5213,-80.3381,985767,3,"Gold Hill, North Carolina, United States",US,USNC,35.5213,-80.3381,985767,20150118,http://www.salisburypost.com/2015/01/18/gold-hill-area-companies-farmer-cited-for-environmental-violations/
332419221,20150118,201501,2015,2015.0493,,,,,,,,,,,LEG,REPRESENTATIVES,,,,,,LEG,,,0,046,046,04,1,7.0,6,1,6,2.18181818181818,0,,,,,,,3,"Gold Hill, North Carolina, United States",US,USNC,35.5213,-80.3381,985767,3,"Gold Hill, North Carolina, United States",US,USNC,35.5213,-80.3381,985767,20150118,http://www.salisburypost.com/2015/01/18/gold-hill-area-companies-farmer-cited-for-environmental-violations/
332422662,20150118,201501,2015,2015.0493,,,,,,,,,,,USA,LOS ANGELES,USA,,,,,,,,1,043,043,04,1,2.8,33,10,33,7.50384514516365,0,,,,,,,3,"Hollywood, California, United States",US,USCA,34.0983,-118.327,1660757,3,"Hollywood, California, United States",US,USCA,34.0983,-118.327,1660757,20150118,http://www.dailymail.co.uk/tvshowbiz/article-2915304/Quvenzhane-Wallis-smiles-leaves-LA-handed-Golden-Globe-Awards.html
332425395,20150118,201501,2015,2015.0493,ARE,DUBAI,ARE,,,,,,,,,,,,,,,,,,1,043,043,04,1,2.8,38,5,38,3.64484801262037,4,"Dubai, Dubayy, United Arab Emirates",AE,AE03,25.2522,55.28,-782831,0,,,,,,,4,"Dubai, Dubayy, United Arab Emirates",AE,AE03,25.2522,55.28,-782831,20150118,http://customstoday.com.pk/indian-air-customs-intelligence-seizes-16kg-saffron-380g-gold-nabs-two-smugglers/
332425965,20150118,201501,2015,2015.0493,AUS,BRISBANE,AUS,,,,,,,,,,,,,,,,,,1,020,020,02,1,3.0,8,2,8,2.79839208410637,4,"Brisbane, Queensland, Australia",AS,AS04,-27.5,153.017,-1561728,0,,,,,,,4,"Brisbane, Queensland, Australia",AS,AS04,-27.5,153.017,-1561728,20150118,http://www.goldcoastbulletin.com.au/news/queensland-state-election-2015/clive-palmer-skips-pups-gold-coast-election-launch-with-state-leader-john-bjelke-petersen-also-missing/story-fnr8vz6s-1227189487366
332426189,20150118,201501,2015,2015.0493,AUS,AUSTRALIA,AUS,,,,,,,,,,,,,,,,,,1,080,080,08,2,5.0,2,1,2,2.61437908496732,1,Germany,GM,GM,51,9,GM,0,,,,,,,1,Germany,GM,GM,51,9,GM,20150118,https://au.news.yahoo.com/a/26030033/golden-aust-open-chance-for-gajdosova/
332426190,20150118,201501,2015,2015.0493,AUS,AUSTRALIA,AUS,,,,,,,,,,,,,,,,,,1,080,080,08,2,5.0,2,1,2,2.61437908496732,1,Qatar,QA,QA,25.5,51.25,QA,0,,,,,,,1,Qatar,QA,QA,25.5,51.25,QA,20150118,https://au.news.yahoo.com/a/26030033/golden-aust-open-chance-for-gajdosova/
332426250,20150118,201501,2015,2015.0493,AUS,SYDNEY,AUS,,,,,,,,,,,,,,,,,,1,120,120,12,3,-4.0,6,1,6,5.3921568627451,4,"Brisbane, Queensland, Australia",AS,AS04,-27.5,153.017,-1561728,0,,,,,,,4,"Brisbane, Queensland, Australia",AS,AS04,-27.5,153.017,-1561728,20150118,http://mynextfone.co.uk/news/golden-run-owners-patty-and-michael-crooks-after-winning-the-h539593.html
332426251,20150118,201501,2015,2015.0493,AUS,SYDNEY,AUS,,,,,,,,,,,,,,,,,,1,120,120,12,3,-4.0,2,1,2,5.3921568627451,4,"Caloundra, Queensland, Australia",AS,AS04,-26.7971,153.138,-1563674,0,,,,,,,4,"Brisbane, Queensland, Australia",AS,AS04,-27.5,153.017,-1561728,20150118,http://mynextfone.co.uk/news/golden-run-owners-patty-and-michael-crooks-after-winning-the-h539593.html
332426252,20150118,201501,2015,2015.0493,AUS,SYDNEY,AUS,,,,,,,,,,,,,,,,,,1,120,120,12,3,-4.0,2,1,2,5.3921568627451,4,"Caloundra, Queensland, Australia",AS,AS04,-26.7971,153.138,-1563674,0,,,,,,,4,"Caloundra, Queensland, Australia",AS,AS04,-26.7971,153.138,-1563674,20150118,http://mynextfone.co.uk/news/golden-run-owners-patty-and-michael-crooks-after-winning-the-h539593.html
332426462,20150118,201501,2015,2015.0493,AUS,AUSTRALIA,AUS,,,,,,,,CHN,CHINA,CHN,,,,,,,,0,010,010,01,1,0.0,4,1,4,3.57366771159875,4,"Perth, Western Australia, Australia",AS,AS08,-31.9333,115.833,-1594675,4,"Perth, Western Australia, Australia",AS,AS08,-31.9333,115.833,-1594675,4,"Perth, Western Australia, Australia",AS,AS08,-31.9333,115.833,-1594675,20150118,http://seekingalpha.com/article/2828596-china-continues-to-drain-global-gold-inventory&c=dqb7LbPt4FlRTRHFCkc71iRmdrHm-KwwWOtWNbPdhJY&mkt=en-us
332426463,20150118,201501,2015,2015.0493,AUS,AUSTRALIA,AUS,,,,,,,,CHN,CHINA,CHN,,,,,,,,0,010,010,01,1,0.0,16,1,16,3.57366771159875,4,"Perth, Western Australia, Australia",AS,AS08,-31.9333,115.833,-1594675,4,"Shanghai, Shanghai, China",CH,CH23,31.2222,121.458,-1924465,4,"Perth, Western Australia, Australia",AS,AS08,-31.9333,115.833,-1594675,20150118,http://seekingalpha.com/article/2828596-china-continues-to-drain-global-gold-inventory&c=dqb7LbPt4FlRTRHFCkc71iRmdrHm-KwwWOtWNbPdhJY&mkt=en-us
332426464,20150118,201501,2015,2015.0493,AUS,AUSTRALIA,AUS,,,,,,,,CHN,CHINA,CHN,,,,,,,,0,010,010,01,1,0.0,16,1,16,3.57366771159875,4,"Perth, Western Australia, Australia",AS,AS08,-31.9333,115.833,-1594675,4,"Shanghai, Shanghai, China",CH,CH23,31.2222,121.458,-1924465,4,"Shanghai, Shanghai, China",CH,CH23,31.2222,121.458,-1924465,20150118,http://seekingalpha.com/article/2828596-china-continues-to-drain-global-gold-inventory&c=dqb7LbPt4FlRTRHFCkc71iRmdrHm-KwwWOtWNbPdhJY&mkt=en-us
332426465,20150118,201501,2015,2015.0493,AUS,AUSTRALIA,AUS,,,,,,,,CHN,CHINA,CHN,,,,,,,,0,010,010,01,1,0.0,4,1,4,3.57366771159875,4,"Shanghai, Shanghai, China",CH,CH23,31.2222,121.458,-1924465,4,"Perth, Western Australia, Australia",AS,AS08,-31.9333,115.833,-1594675,4,"Perth, Western Australia, Australia",AS,AS08,-31.9333,115.833,-1594675,20150118,http://seekingalpha.com/article/2828596-china-continues-to-drain-global-gold-inventory&c=dqb7LbPt4FlRTRHFCkc71iRmdrHm-KwwWOtWNbPdhJY&mkt=en-us
332426471,20150118,201501,2015,2015.0493,AUS,AUSTRALIA,AUS,,,,,,,,CHN,CHINA,CHN,,,,,,,,0,061,061,06,2,6.4,4,1,4,3.57366771159875,4,"Perth, Western Australia, Australia",AS,AS08,-31.9333,115.833,-1594675,4,"Perth, Western Australia, Australia",AS,AS08,-31.9333,115.833,-1594675,4,"Perth, Western Australia, Australia",AS,AS08,-31.9333,115.833,-1594675,20150118,http://seekingalpha.com/article/2828596-china-continues-to-drain-global-gold-inventory&c=dqb7LbPt4FlRTRHFCkc71iRmdrHm-KwwWOtWNbPdhJY&mkt=en-us
332426472,20150118,201501,2015,2015.0493,AUS,AUSTRALIA,AUS,,,,,,,,CHN,CHINA,CHN,,,,,,,,0,061,061,06,2,6.4,52,1,16,3.57366771159875,4,"Perth, Western Australia, Australia",AS,AS08,-31.9333,115.833,-1594675,4,"Shanghai, Shanghai, China",CH,CH23,31.2222,121.458,-1924465,4,"Perth, Western Australia, Australia",AS,AS08,-31.9333,115.833,-1594675,20150118,http://seekingalpha.com/article/2828596-china-continues-to-drain-global-gold-inventory&c=dqb7LbPt4FlRTRHFCkc71iRmdrHm-KwwWOtWNbPdhJY&mkt=en-us
332426473,20150118,201501,2015,2015.0493,AUS,AUSTRALIA,AUS,,,,,,,,CHN,CHINA,CHN,,,,,,,,0,061,061,06,2,6.4,12,1,12,3.57366771159875,4,"Perth, Western Australia, Australia",AS,AS08,-31.9333,115.833,-1594675,4,"Shanghai, Shanghai, China",CH,CH23,31.2222,121.458,-1924465,4,"Shanghai, Shanghai, China",CH,CH23,31.2222,121.458,-1924465,20150118,http://seekingalpha.com/article/2828596-china-continues-to-drain-global-gold-inventory&c=dqb7LbPt4FlRTRHFCkc71iRmdrHm-KwwWOtWNbPdhJY&mkt=en-us
332426474,20150118,201501,2015,2015.0493,AUS,AUSTRALIA,AUS,,,,,,,,CHN,CHINA,CHN,,,,,,,,0,061,061,06,2,6.4,8,1,4,3.57366771159875,4,"Shanghai, Shanghai, China",CH,CH23,31.2222,121.458,-1924465,4,"Perth, Western Australia, Australia",AS,AS08,-31.9333,115.833,-1594675,4,"Shanghai, Shanghai, China",CH,CH23,31.2222,121.458,-1924465,20150118,http://seekingalpha.com/article/2828596-china-continues-to-drain-global-gold-inventory&c=dqb7LbPt4FlRTRHFCkc71iRmdrHm-KwwWOtWNbPdhJY&mkt=en-us
332426475,20150118,201501,2015,2015.0493,AUS,AUSTRALIA,AUS,,,,,,,,CHN,CHINA,CHN,,,,,,,,0,061,061,06,2,6.4,4,1,4,3.57366771159875,4,"Shanghai, Shanghai, China",CH,CH23,31.2222,121.458,-1924465,4,"Shanghai, Shanghai, China",CH,CH23,31.2222,121.458,-1924465,4,"Shanghai, Shanghai, China",CH,CH23,31.2222,121.458,-1924465,20150118,http://seekingalpha.com/article/2828596-china-continues-to-drain-global-gold-inventory&c=dqb7LbPt4FlRTRHFCkc71iRmdrHm-KwwWOtWNbPdhJY&mkt=en-us
332426518,20150118,201501,2015,2015.0493,AUS,SYDNEY,AUS,,,,,,,,CRM,CROOK,,,,,,CRM,,,1,043,043,04,1,2.8,10,1,10,5.3921568627451,4,"Sydney, New South Wales, Australia",AS,AS02,-33.8833,151.217,-1603135,4,"Sydney, New South Wales, Australia",AS,AS02,-33.8833,151.217,-1603135,4,"Sydney, New South Wales, Australia",AS,AS02,-33.8833,151.217,-1603135,20150118,http://mynextfone.co.uk/news/golden-run-owners-patty-and-michael-crooks-after-winning-the-h539593.html
332428918,20150118,201501,2015,2015.0493,BRA,BRAZIL,BRA,,,,,,,,,,,,,,,,,,1,193,193,19,4,-10.0,4,1,4,4.71014492753623,4,"Carrapato, Estado do Rio, Brazil",BR,BR21,-22.2,-41.5833,-635980,0,,,,,,,4,"Mato Grosso, Estado do Rio, Brazil",BR,BR21,-22.8667,-42.6,-667943,20150118,http://www.proactiveinvestors.com.au/companies/news/60150/international-goldfields-triples-strike-length-at-gold-prospect-in-brazil-60150.html
332428919,20150118,201501,2015,2015.0493,BRA,BRAZIL,BRA,,,,,,,,,,,,,,,,,,1,193,193,19,4,-10.0,4,1,4,4.71014492753623,4,"Mato Grosso, Estado do Rio, Brazil",BR,BR21,-22.8667,-42.6,-667943,0,,,,,,,4,"Mato Grosso, Estado do Rio, Brazil",BR,BR21,-22.8667,-42.6,-667943,20150118,http://www.proactiveinvestors.com.au/companies/news/60150/international-goldfields-triples-strike-length-at-gold-prospect-in-brazil-60150.html
332429439,20150118,201501,2015,2015.0493,BUS,INVESTOR,,,,,,BUS,,,,,,,,,,,,,1,010,010,01,1,0.0,3,1,3,1.70603674540682,1,Israel,IS,IS,31.5,34.75,IS,0,,,,,,,1,Israel,IS,IS,31.5,34.75,IS,20150118,http://nehandaradio.com/2015/01/19/minister-gold-mine-ownership-wrangle/
332429755,20150118,201501,2015,2015.0493,BUS,COMPANIES,,,,,,BUS,,,,,,,,,,,,,1,040,040,04,1,1.0,8,1,8,2.18181818181818,3,"Gold Hill, North Carolina, United States",US,USNC,35.5213,-80.3381,985767,0,,,,,,,3,"Gold Hill, North Carolina, United States",US,USNC,35.5213,-80.3381,985767,20150118,http://www.salisburypost.com/2015/01/18/gold-hill-area-companies-farmer-cited-for-environmental-violations/
332429943,20150118,201501,2015,2015.0493,BUS,COMPANY,,,,,,BUS,,,,,,,,,,,,,1,057,057,05,1,8.0,5,1,5,5.72916666666667,1,Australia,AS,AS,-27,133,AS,0,,,,,,,1,Australia,AS,AS,-27,133,AS,20150118,http://frontpageafricaonline.com/index.php/business-tech/4295-committed-to-liberia-aureus-monurent-building-1st-gold-mine
332429947,20150118,201501,2015,2015.0493,BUS,COMPANY,,,,,,BUS,,,,,,,,,,,,,0,057,057,05,1,8.0,10,1,10,1.70603674540682,1,Israel,IS,IS,31.5,34.75,IS,0,,,,,,,1,Israel,IS,IS,31.5,34.75,IS,20150118,http://nehandaradio.com/2015/01/19/minister-gold-mine-ownership-wrangle/
332429951,20150118,201501,2015,2015.0493,BUS,COMPANY,,,,,,BUS,,,,,,,,,,,,,0,060,060,06,2,6.0,9,1,9,5.72916666666667,4,"Bea Mountain, Grand Cape Mount, Liberia",LI,LI12,7.13333,-11,-2130103,0,,,,,,,4,"Bea Mountain, Grand Cape Mount, Liberia",LI,LI12,7.13333,-11,-2130103,20150118,http://frontpageafricaonline.com/index.php/business-tech/4295-committed-to-liberia-aureus-monurent-building-1st-gold-mine
332429995,20150118,201501,2015,2015.0493,BUS,COMPANIES,,,,,,BUS,,,,,,,,,,,,,1,070,070,07,2,7.0,3,1,3,5.2901023890785,3,"Washington, District of Columbia, United States",US,USDC,38.8951,-77.0364,531871,0,,,,,,,3,"Washington, District of Columbia, United States",US,USDC,38.8951,-77.0364,531871,20150118,http://www.washingtonpost.com/business/capitalbusiness/local-entrepreneur-snags-a-spot-in-golden-globes-gifting-suite/2015/01/16/73e34918-981e-11e4-927a-4fa2638cd1b0_story.html
332430000,20150118,201501,2015,2015.0493,BUS,BUSINESS,,,,,,BUS,,,,,,,,,,,,,1,070,070,07,2,7.0,2,1,2,1.30718954248366,1,Greece,GR,GR,39,22,GR,0,,,,,,,1,Greece,GR,GR,39,22,GR,20150118,http://www.thenews.com.pk/Todays-News-3-296624-Goldman-Sachs-profit-hit-by-weak-fixed-income-trading
332430286,20150118,201501,2015,2015.0493,BUS,INVESTOR,,,,,,BUS,,,,,,,,,,,,,1,120,120,12,3,-4.0,3,1,3,1.70603674540682,1,Israel,IS,IS,31.5,34.75,IS,0,,,,,,,1,Israel,IS,IS,31.5,34.75,IS,20150118,http://nehandaradio.com/2015/01/19/minister-gold-mine-ownership-wrangle/
332430519,20150118,201501,2015,2015.0493,BUS,COMPANIES,,,,,,BUS,,,CHE,SWITZERLAND,CHE,,,,,,,,0,120,120,12,3,-4.0,4,1,4,1.53354632587859,4,"Noveli, Switzerland (general), Switzerland",SZ,SZ00,46.1343,7.31689,-2553383,4,"Noveli, Switzerland (general), Switzerland",SZ,SZ00,46.1343,7.31689,-2553383,4,"Noveli, Switzerland (general), Switzerland",SZ,SZ00,46.1343,7.31689,-2553383,20150118,http://www.freep.com/story/money/business/michigan/2015/01/18/goldman-sachs-sells-detroit-warehouses-reuben-brothers-buy/21898865/&c=_dhF-ZO_JfRp1yXzUPnh_58BaxwQsONAng6HfjWcJwI&mkt=en-us
332430531,20150118,201501,2015,2015.0493,BUS,BANK,,,,,,BUS,,,CHN,CHINESE,CHN,,,,,,,,0,020,020,02,1,3.0,8,1,8,4.01913875598086,4,"Shanghai, Shanghai, China",CH,CH23,31.2222,121.458,-1924465,4,"Shanghai, Shanghai, China",CH,CH23,31.2222,121.458,-1924465,4,"Shanghai, Shanghai, China",CH,CH23,31.2222,121.458,-1924465,20150118,http://seekingalpha.com/article/2828576-will-chinese-gold-demand-end-2014-with-a-boom
332430553,20150118,201501,2015,2015.0493,BUS,BANK,,,,,,BUS,,,CHN,CHINESE,CHN,,,,,,,,0,0874,087,08,2,10.0,8,1,8,4.01913875598086,4,"Shanghai, Shanghai, China",CH,CH23,31.2222,121.458,-1924465,4,"Shanghai, Shanghai, China",CH,CH23,31.2222,121.458,-1924465,4,"Shanghai, Shanghai, China",CH,CH23,31.2222,121.458,-1924465,20150118,http://seekingalpha.com/article/2828576-will-chinese-gold-demand-end-2014-with-a-boom
332430752,20150118,201501,2015,2015.0493,BUS,COMPANY,,,,,,BUS,,,GBR,LONDON,GBR,,,,,,,,0,020,020,02,1,3.0,5,1,5,1.53354632587859,4,"London, London, City of, United Kingdom",UK,UKH9,51.5,-0.116667,-2601889,4,"London, London, City of, United Kingdom",UK,UKH9,51.5,-0.116667,-2601889,4,"London, London, City of, United Kingdom",UK,UKH9,51.5,-0.116667,-2601889,20150118,http://www.freep.com/story/money/business/michigan/2015/01/18/goldman-sachs-sells-detroit-warehouses-reuben-brothers-buy/21898865/&c=_dhF-ZO_JfRp1yXzUPnh_58BaxwQsONAng6HfjWcJwI&mkt=en-us
332431089,20150118,201501,2015,2015.0493,BUS,PRODUCER,,,,,,BUS,,,MED,WRITER,,,,,,MED,,,0,040,040,04,1,1.0,7,1,7,5.2901023890785,3,"Washington, District of Columbia, United States",US,USDC,38.8951,-77.0364,531871,3,"Washington, District of Columbia, United States",US,USDC,38.8951,-77.0364,531871,3,"Washington, District of Columbia, United States",US,USDC,38.8951,-77.0364,531871,20150118,http://www.washingtonpost.com/business/capitalbusiness/local-entrepreneur-snags-a-spot-in-golden-globes-gifting-suite/2015/01/16/73e34918-981e-11e4-927a-4fa2638cd1b0_story.html
332431162,20150118,201501,2015,2015.0493,BUS,BANK,,,,,,BUS,,,MNCUSA,GOLDMAN SACHS,USA,,,,,MNC,,,1,160,160,16,4,-4.0,4,1,4,1.30718954248366,1,Greece,GR,GR,39,22,GR,1,Greece,GR,GR,39,22,GR,1,Greece,GR,GR,39,22,GR,20150118,http://www.thenews.com.pk/Todays-News-3-296624-Goldman-Sachs-profit-hit-by-weak-fixed-income-trading
332431163,20150118,201501,2015,2015.0493,BUS,BANK,,,,,,BUS,,,MNCUSA,GOLDMAN SACHS,USA,,,,,MNC,,,1,160,160,16,4,-4.0,6,1,6,1.30718954248366,1,United States,US,US,38,-97,US,1,United States,US,US,38,-97,US,1,United States,US,US,38,-97,US,20150118,http://www.thenews.com.pk/Todays-News-3-296624-Goldman-Sachs-profit-hit-by-weak-fixed-income-trading
332431324,20150118,201501,2015,2015.0493,BUS,INDUSTRY,,,,,,BUS,,,USA,UNITED STATES,USA,,,,,,,,1,013,013,01,1,0.4,2,1,2,1.87134502923977,3,"Boston, Massachusetts, United States",US,USMA,42.3584,-71.0598,617565,3,"Boston, Massachusetts, United States",US,USMA,42.3584,-71.0598,617565,3,"Boston, Massachusetts, United States",US,USMA,42.3584,-71.0598,617565,20150118,http://downwithtyranny.blogspot.com/2015/01/did-bernie-sanders-team-up-with-goldman.html
332431376,20150118,201501,2015,2015.0493,BUS,COMPANIES,,,,,,BUS,,,USA,UNITED STATES,USA,,,,,,,,1,040,040,04,1,1.0,2,1,2,2.18181818181818,3,"Gold Hill, North Carolina, United States",US,USNC,35.5213,-80.3381,985767,3,"Gold Hill, North Carolina, United States",US,USNC,35.5213,-80.3381,985767,3,"Gold Hill, North Carolina, United States",US,USNC,35.5213,-80.3381,985767,20150118,http://www.salisburypost.com/2015/01/18/gold-hill-area-companies-farmer-cited-for-environmental-violations/
332433246,20150118,201501,2015,2015.0493,CHE,SWISS,CHE,,,,,,,,,,,,,,,,,,1,042,042,04,1,1.9,1,1,1,7.02087286527514,1,Singapore,SN,SN,1.3667,103.8,SN,0,,,,,,,1,Singapore,SN,SN,1.3667,103.8,SN,20150118,http://article.wn.com/view/2015/01/19/PRECIOUSGold_trades_near_4month_high_on_safe_haven_demand/
332433247,20150118,201501,2015,2015.0493,CHE,SWISS,CHE,,,,,,,,,,,,,,,,,,1,042,042,04,1,1.9,1,1,1,7.02087286527514,1,Switzerland,SZ,SZ,47,8,SZ,0,,,,,,,1,Singapore,SN,SN,1.3667,103.8,SN,20150118,http://article.wn.com/view/2015/01/19/PRECIOUSGold_trades_near_4month_high_on_safe_haven_demand/
332433266,20150118,201501,2015,2015.0493,CHE,SWITZERLAND,CHE,,,,,,,,,,,,,,,,,,0,061,061,06,2,6.4,20,1,20,3.57366771159875,1,Switzerland,SZ,SZ,47,8,SZ,0,,,,,,,4,"Shanghai, Shanghai, China",CH,CH23,31.2222,121.458,-1924465,20150118,http://seekingalpha.com/article/2828596-china-continues-to-drain-global-gold-inventory&c=dqb7LbPt4FlRTRHFCkc71iRmdrHm-KwwWOtWNbPdhJY&mkt=en-us
332433267,20150118,201501,2015,2015.0493,CHE,SWITZERLAND,CHE,,,,,,,,,,,,,,,,,,1,061,061,06,2,6.4,20,1,20,3.57366771159875,1,Switzerland,SZ,SZ,47,8,SZ,0,,,,,,,1,Switzerland,SZ,SZ,47,8,SZ,20150118,http://seekingalpha.com/article/2828596-china-continues-to-drain-global-gold-inventory&c=dqb7LbPt4FlRTRHFCkc71iRmdrHm-KwwWOtWNbPdhJY&mkt=en-us
332433327,20150118,201501,2015,2015.0493,CHE,SWISS,CHE,,,,,,,,CHN,CHINA,CHN,,,,,,,,0,042,042,04,1,1.9,16,1,16,3.57366771159875,1,Switzerland,SZ,SZ,47,8,SZ,4,"Shanghai, Shanghai, China",CH,CH23,31.2222,121.458,-1924465,4,"Shanghai, Shanghai, China",CH,CH23,31.2222,121.458,-1924465,20150118,http://seekingalpha.com/article/2828596-china-continues-to-drain-global-gold-inventory&c=dqb7LbPt4FlRTRHFCkc71iRmdrHm-KwwWOtWNbPdhJY&mkt=en-us
332433328,20150118,201501,2015,2015.0493,CHE,SWISS,CHE,,,,,,,,CHN,CHINA,CHN,,,,,,,,0,042,042,04,1,1.9,4,1,4,3.57366771159875,1,Switzerland,SZ,SZ,47,8,SZ,1,Switzerland,SZ,SZ,47,8,SZ,1,Switzerland,SZ,SZ,47,8,SZ,20150118,http://seekingalpha.com/article/2828596-china-continues-to-drain-global-gold-inventory&c=dqb7LbPt4FlRTRHFCkc71iRmdrHm-KwwWOtWNbPdhJY&mkt=en-us
332433329,20150118,201501,2015,2015.0493,CHE,SWISS,CHE,,,,,,,,CHN,CHINA,CHN,,,,,,,,0,061,061,06,2,6.4,2,1,2,3.57366771159875,1,Switzerland,SZ,SZ,47,8,SZ,4,"Shanghai, Shanghai, China",CH,CH23,31.2222,121.458,-1924465,4,"Shanghai, Shanghai, China",CH,CH23,31.2222,121.458,-1924465,20150118,http://seekingalpha.com/article/2828596-china-continues-to-drain-global-gold-inventory&c=dqb7LbPt4FlRTRHFCkc71iRmdrHm-KwwWOtWNbPdhJY&mkt=en-us
332433330,20150118,201501,2015,2015.0493,CHE,SWISS,CHE,,,,,,,,CHN,CHINA,CHN,,,,,,,,0,061,061,06,2,6.4,12,1,12,3.57366771159875,1,Switzerland,SZ,SZ,47,8,SZ,4,"Shanghai, Shanghai, China",CH,CH23,31.2222,121.458,-1924465,1,Switzerland,SZ,SZ,47,8,SZ,20150118,http://seekingalpha.com/article/2828596-china-continues-to-drain-global-gold-inventory&c=dqb7LbPt4FlRTRHFCkc71iRmdrHm-KwwWOtWNbPdhJY&mkt=en-us
332433331,20150118,201501,2015,2015.0493,CHE,SWISS,CHE,,,,,,,,CHN,CHINA,CHN,,,,,,,,0,061,061,06,2,6.4,2,1,2,3.57366771159875,1,Switzerland,SZ,SZ,47,8,SZ,1,Switzerland,SZ,SZ,47,8,SZ,1,Switzerland,SZ,SZ,47,8,SZ,20150118,http://seekingalpha.com/article/2828596-china-continues-to-drain-global-gold-inventory&c=dqb7LbPt4FlRTRHFCkc71iRmdrHm-KwwWOtWNbPdhJY&mkt=en-us
332433825,20150118,201501,2015,2015.0493,CHN,CHINA,CHN,,,,,,,,,,,,,,,,,,1,057,057,05,1,8.0,1,1,1,2.67558528428094,1,Russia,RS,RS,60,100,RS,0,,,,,,,1,India,IN,IN,20,77,IN,20150118,http://www.albawaba.com/business/pr/dgcx-gold-grow-645502
332433826,20150118,201501,2015,2015.0493,CHN,CHINA,CHN,,,,,,,,,,,,,,,,,,1,057,057,05,1,8.0,4,1,4,2.67558528428094,1,Russia,RS,RS,60,100,RS,0,,,,,,,1,Russia,RS,RS,60,100,RS,20150118,http://www.albawaba.com/business/pr/dgcx-gold-grow-645502
332433834,20150118,201501,2015,2015.0493,CHN,CHINA,CHN,,,,,,,,,,,,,,,,,,0,061,061,06,2,6.4,88,2,24,3.54051515094633,4,"Shanghai, Shanghai, China",CH,CH23,31.2222,121.458,-1924465,0,,,,,,,4,"Shanghai, Shanghai, China",CH,CH23,31.2222,121.458,-1924465,20150118,http://seekingalpha.com/article/2828596-china-continues-to-drain-global-gold-inventory&c=dqb7LbPt4FlRTRHFCkc71iRmdrHm-KwwWOtWNbPdhJY&mkt=en-us
332433835,20150118,201501,2015,2015.0493,CHN,CHINA,CHN,,,,,,,,,,,,,,,,,,0,061,061,06,2,6.4,18,1,16,3.57366771159875,4,"Shanghai, Shanghai, China",CH,CH23,31.2222,121.458,-1924465,0,,,,,,,1,Hong Kong,HK,HK,22.25,114.167,HK,20150118,http://seekingalpha.com/article/2828596-china-continues-to-drain-global-gold-inventory&c=dqb7LbPt4FlRTRHFCkc71iRmdrHm-KwwWOtWNbPdhJY&mkt=en-us
332433836,20150118,201501,2015,2015.0493,CHN,CHINA,CHN,,,,,,,,,,,,,,,,,,0,061,061,06,2,6.4,4,1,4,3.57366771159875,4,"Shanghai, Shanghai, China",CH,CH23,31.2222,121.458,-1924465,0,,,,,,,1,Singapore,SN,SN,1.3667,103.8,SN,20150118,http://seekingalpha.com/article/2828596-china-continues-to-drain-global-gold-inventory&c=dqb7LbPt4FlRTRHFCkc71iRmdrHm-KwwWOtWNbPdhJY&mkt=en-us
332433843,20150118,201501,2015,2015.0493,CHN,CHINA,CHN,,,,,,,,,,,,,,,,,,0,061,061,06,2,6.4,14,1,4,3.57366771159875,1,Hong Kong,HK,HK,22.25,114.167,HK,0,,,,,,,1,Hong Kong,HK,HK,22.25,114.167,HK,20150118,http://seekingalpha.com/article/2828596-china-continues-to-drain-global-gold-inventory&c=dqb7LbPt4FlRTRHFCkc71iRmdrHm-KwwWOtWNbPdhJY&mkt=en-us
332433845,20150118,201501,2015,2015.0493,CHN,CHINA,CHN,,,,,,,,,,,,,,,,,,0,061,061,06,2,6.4,4,1,4,3.57366771159875,1,Switzerland,SZ,SZ,47,8,SZ,0,,,,,,,1,Switzerland,SZ,SZ,47,8,SZ,20150118,http://seekingalpha.com/article/2828596-china-continues-to-drain-global-gold-inventory&c=dqb7LbPt4FlRTRHFCkc71iRmdrHm-KwwWOtWNbPdhJY&mkt=en-us
332434036,20150118,201501,2015,2015.0493,CHN,CHINA,CHN,,,,,,,,CHE,SWISS,CHE,,,,,,,,0,043,043,04,1,2.8,16,1,16,3.57366771159875,4,"Shanghai, Shanghai, China",CH,CH23,31.2222,121.458,-1924465,1,Switzerland,SZ,SZ,47,8,SZ,4,"Shanghai, Shanghai, China",CH,CH23,31.2222,121.458,-1924465,20150118,http://seekingalpha.com/article/2828596-china-continues-to-drain-global-gold-inventory&c=dqb7LbPt4FlRTRHFCkc71iRmdrHm-KwwWOtWNbPdhJY&mkt=en-us
332434039,20150118,201501,2015,2015.0493,CHN,CHINA,CHN,,,,,,,,CHE,SWISS,CHE,,,,,,,,0,043,043,04,1,2.8,4,1,4,3.57366771159875,1,Switzerland,SZ,SZ,47,8,SZ,1,Switzerland,SZ,SZ,47,8,SZ,1,Switzerland,SZ,SZ,47,8,SZ,20150118,http://seekingalpha.com/article/2828596-china-continues-to-drain-global-gold-inventory&c=dqb7LbPt4FlRTRHFCkc71iRmdrHm-KwwWOtWNbPdhJY&mkt=en-us
332434166,20150118,201501,2015,2015.0493,CHN,CHINA,CHN,,,,,,,,GBR,LONDON,GBR,,,,,,,,1,141,141,14,3,-6.5,20,1,20,3.57366771159875,1,United States,US,US,38,-97,US,1,United States,US,US,38,-97,US,1,United States,US,US,38,-97,US,20150118,http://seekingalpha.com/article/2828596-china-continues-to-drain-global-gold-inventory&c=dqb7LbPt4FlRTRHFCkc71iRmdrHm-KwwWOtWNbPdhJY&mkt=en-us
332436768,20150118,201501,2015,2015.0493,COP,SECURITY CHECK,,,,,,COP,,,,,,,,,,,,,1,043,043,04,1,2.8,10,1,10,5.63380281690141,4,"Hyderabad, Andhra Pradesh, India",IN,IN02,17.3753,78.4744,-2097701,0,,,,,,,4,"Hyderabad, Andhra Pradesh, India",IN,IN02,17.3753,78.4744,-2097701,20150118,http://www.thehansindia.com/posts/index/2015-01-18/Air-Intel-recover-28kg-gold-from-Saudi-bound-flight-126598
332440147,20150118,201501,2015,2015.0493,CRM,BURGLAR,,,,,,CRM,,,,,,,,,,,,,1,051,051,05,1,3.4,10,1,10,4.94505494505495,4,"Porur, Tamil Nadu, India",IN,IN25,13.0319,80.1575,9086809,0,,,,,,,4,"Porur, Tamil Nadu, India",IN,IN25,13.0319,80.1575,9086809,20150118,http://timesofindia.indiatimes.com/city/chennai/Burglars-loot-1-2kg-gold-while-Porur-family-is-away/articleshow/45934884.cms
332440196,20150118,201501,2015,2015.0493,CRM,BURGLAR,,,,,,CRM,,,,,,,,,,,,,1,145,145,14,3,-7.5,10,1,10,4.94505494505495,4,"Porur, Tamil Nadu, India",IN,IN25,13.0319,80.1575,9086809,0,,,,,,,4,"Porur, Tamil Nadu, India",IN,IN25,13.0319,80.1575,9086809,20150118,http://timesofindia.indiatimes.com/city/chennai/Burglars-loot-1-2kg-gold-while-Porur-family-is-away/articleshow/45934884.cms
332440259,20150118,201501,2015,2015.0493,CRM,CROOK,,,,,,CRM,,,AUS,SYDNEY,AUS,,,,,,,,1,042,042,04,1,1.9,10,1,10,5.3921568627451,4,"Sydney, New South Wales, Australia",AS,AS02,-33.8833,151.217,-1603135,4,"Sydney, New South Wales, Australia",AS,AS02,-33.8833,151.217,-1603135,4,"Sydney, New South Wales, Australia",AS,AS02,-33.8833,151.217,-1603135,20150118,http://mynextfone.co.uk/news/golden-run-owners-patty-and-michael-crooks-after-winning-the-h539593.html
332440260,20150118,201501,2015,2015.0493,CRM,CROOK,,,,,,CRM,,,AUS,SYDNEY,AUS,,,,,,,,1,052,052,05,1,3.5,6,1,6,5.3921568627451,4,"Sydney, New South Wales, Australia",AS,AS02,-33.8833,151.217,-1603135,4,"Sydney, New South Wales, Australia",AS,AS02,-33.8833,151.217,-1603135,4,"Sydney, New South Wales, Australia",AS,AS02,-33.8833,151.217,-1603135,20150118,http://mynextfone.co.uk/news/golden-run-owners-patty-and-michael-crooks-after-winning-the-h539593.html
332440398,20150118,201501,2015,2015.0493,CRM,MISCREANT,,,,,,CRM,,,GOV,SOVEREIGN,,,,,,GOV,,,1,145,145,14,3,-7.5,4,1,4,4.94505494505495,4,"Chennai, Tamil Nadu, India",IN,IN25,13.0833,80.2833,-2103041,4,"Chennai, Tamil Nadu, India",IN,IN25,13.0833,80.2833,-2103041,4,"Chennai, Tamil Nadu, India",IN,IN25,13.0833,80.2833,-2103041,20150118,http://timesofindia.indiatimes.com/city/chennai/Burglars-loot-1-2kg-gold-while-Porur-family-is-away/articleshow/45934884.cms
332441383,20150118,201501,2015,2015.0493,CVL,RESIDENTS,,,,,,CVL,,,,,,,,,,,,,1,042,042,04,1,1.9,4,1,4,4.08921933085502,4,"Mumbai, Maharashtra, India",IN,IN16,18.975,72.8258,-2092174,0,,,,,,,4,"Mumbai, Maharashtra, India",IN,IN16,18.975,72.8258,-2092174,20150118,http://www.thehindu.com/news/cities/bangalore/22-kg-gold-seized-from-two-auto-passengers/article6800370.ece
332441736,20150118,201501,2015,2015.0493,CVL,SETTLEMENT,,,,,,CVL,,,,,,,,,,,,,1,110,110,11,3,-2.0,5,1,5,2.74914089347079,4,"Dubai, Dubayy, United Arab Emirates",AE,AE03,25.2522,55.28,-782831,0,,,,,,,4,"Dubai, Dubayy, United Arab Emirates",AE,AE03,25.2522,55.28,-782831,20150118,http://www.zawya.com/story/DGCX_Gold_Volumes_Grow_14_in_December-ZAWYA20150118071510/
332441746,20150118,201501,2015,2015.0493,CVL,SETTLEMENT,,,,,,CVL,,,,,,,,,,,,,1,110,110,11,3,-2.0,20,4,20,2.76754302494261,1,Russia,RS,RS,60,100,RS,0,,,,,,,1,Russia,RS,RS,60,100,RS,20150118,http://www.zawya.com/story/DGCX_gold_trading_volumes_grow_14_in_December-WAM20150118084150071/
332442593,20150118,201501,2015,2015.0493,CVL,RESIDENTS,,,,,,CVL,,,IND,MUMBAI,IND,,,,,,,,1,042,042,04,1,1.9,4,1,4,4.08921933085502,4,"Mumbai, Maharashtra, India",IN,IN16,18.975,72.8258,-2092174,4,"Mumbai, Maharashtra, India",IN,IN16,18.975,72.8258,-2092174,4,"Mumbai, Maharashtra, India",IN,IN16,18.975,72.8258,-2092174,20150118,http://www.thehindu.com/news/cities/bangalore/22-kg-gold-seized-from-two-auto-passengers/article6800370.ece
332443703,20150118,201501,2015,2015.0493,DEU,GERMANY,DEU,,,,,,,,AUS,AUSTRALIAN,AUS,,,,,,,,1,020,020,02,1,3.0,2,1,2,2.61437908496732,1,Germany,GM,GM,51,9,GM,4,"Melbourne, Victoria, Australia",AS,AS07,-37.8167,144.967,-1586844,1,Germany,GM,GM,51,9,GM,20150118,https://au.news.yahoo.com/a/26030033/golden-aust-open-chance-for-gajdosova/
332443704,20150118,201501,2015,2015.0493,DEU,GERMANY,DEU,,,,,,,,AUS,AUSTRALIAN,AUS,,,,,,,,1,020,020,02,1,3.0,6,2,6,2.5088865955739,1,Germany,GM,GM,51,9,GM,4,"Sydney, New South Wales, Australia",AS,AS02,-33.8833,151.217,-1603135,1,Germany,GM,GM,51,9,GM,20150118,https://au.news.yahoo.com/a/26030033/golden-aust-open-chance-for-gajdosova/
332444659,20150118,201501,2015,2015.0493,DZA,ALGERIA,DZA,,,,,,,,JUD,JUDGE,,,,,,JUD,,,1,036,036,03,1,4.0,2,1,2,3.20754716981132,1,Algeria,AG,AG,28,3,AG,1,Algeria,AG,AG,28,3,AG,1,Algeria,AG,AG,28,3,AG,20150118,http://www.thenational.ae/arts-lifestyle/television/golden-moments-from-arabs-got-talent-inlcude-nadia-qazi-playing-turkish-march-on-the-piano
332452002,20150118,201501,2015,2015.0493,GBR,UNITED KINGDOM,GBR,,,,,,,,,,,,,,,,,,0,051,051,05,1,3.4,2,1,2,4.93670886075949,4,"Kuala Lumpur, Kuala Lumpur, Malaysia",MY,MY14,3.16667,101.7,-2403010,0,,,,,,,4,"Kuala Lumpur, Kuala Lumpur, Malaysia",MY,MY14,3.16667,101.7,-2403010,20150118,http://www.therakyatpost.com/life/2015/01/18/rising-star-redmayne-eyes-oscar-golden-globe-win/
332452003,20150118,201501,2015,2015.0493,GBR,UNITED KINGDOM,GBR,,,,,,,,,,,,,,,,,,0,051,051,05,1,3.4,2,1,2,4.93670886075949,4,"Bentong, Pahang, Malaysia",MY,MY06,3.5316,101.904,-2405543,0,,,,,,,4,"Kuala Lumpur, Kuala Lumpur, Malaysia",MY,MY14,3.16667,101.7,-2403010,20150118,http://www.therakyatpost.com/life/2015/01/18/rising-star-redmayne-eyes-oscar-golden-globe-win/
332452125,20150118,201501,2015,2015.0493,GBR,UNITED KINGDOM,GBR,,,,,,,,,,,,,,,,,,0,111,111,11,3,-2.0,2,1,2,4.93670886075949,4,"Cambridge, Cambridgeshire, United Kingdom",UK,UKC3,52.2,0.116667,-2591658,0,,,,,,,4,"Cambridge, Cambridgeshire, United Kingdom",UK,UKC3,52.2,0.116667,-2591658,20150118,http://www.therakyatpost.com/life/2015/01/18/rising-star-redmayne-eyes-oscar-golden-globe-win/
332453966,20150118,201501,2015,2015.0493,GHA,GHANA,GHA,,,,,,,,AUS,BRISBANE,AUS,,,,,,,,1,020,020,02,1,3.0,4,1,4,2.72108843537415,4,"Brisbane, Queensland, Australia",AS,AS04,-27.5,153.017,-1561728,4,"Brisbane, Queensland, Australia",AS,AS04,-27.5,153.017,-1561728,4,"Brisbane, Queensland, Australia",AS,AS04,-27.5,153.017,-1561728,20150118,http://www.goldcoastbulletin.com.au/news/queensland-state-election-2015/clive-palmer-skips-pups-gold-coast-election-launch-with-state-leader-john-bjelke-petersen-also-missing/story-fnr8vz6s-1227189487366
332453967,20150118,201501,2015,2015.0493,GHA,GHANA,GHA,,,,,,,,AUS,SYDNEY,AUS,,,,,,,,1,052,052,05,1,3.5,2,1,2,5.3921568627451,1,Ghana,GH,GH,8,-2,GH,4,"Sydney, New South Wales, Australia",AS,AS02,-33.8833,151.217,-1603135,4,"Sydney, New South Wales, Australia",AS,AS02,-33.8833,151.217,-1603135,20150118,http://mynextfone.co.uk/news/golden-run-owners-patty-and-michael-crooks-after-winning-the-h539593.html
332453968,20150118,201501,2015,2015.0493,GHA,GHANA,GHA,,,,,,,,AUS,SYDNEY,AUS,,,,,,,,1,052,052,05,1,3.5,1,1,1,5.3921568627451,1,Ghana,GH,GH,8,-2,GH,1,Ghana,GH,GH,8,-2,GH,1,Ghana,GH,GH,8,-2,GH,20150118,http://mynextfone.co.uk/news/golden-run-owners-patty-and-michael-crooks-after-winning-the-h539593.html
332456240,20150118,201501,2015,2015.0493,GOV,MINIST,,,,,,GOV,,,,,,,,,,,,,0,120,120,12,3,-4.0,7,1,7,1.70603674540682,1,Israel,IS,IS,31.5,34.75,IS,0,,,,,,,1,Israel,IS,IS,31.5,34.75,IS,20150118,http://nehandaradio.com/2015/01/19/minister-gold-mine-ownership-wrangle/
332458439,20150118,201501,2015,2015.0493,GOV,MINIST,,,,,,GOV,,,ISR,ISRAELI,ISR,,,,,,,,0,020,020,02,1,3.0,10,1,10,1.70603674540682,1,Israel,IS,IS,31.5,34.75,IS,1,Israel,IS,IS,31.5,34.75,IS,1,Israel,IS,IS,31.5,34.75,IS,20150118,http://nehandaradio.com/2015/01/19/minister-gold-mine-ownership-wrangle/
332461780,20150118,201501,2015,2015.0493,GRC,GREECE,GRC,,,,,,,,,,,,,,,,,,1,010,010,01,1,0.0,3,1,3,6.73575129533679,4,"Vienna, Wien, Austria",AU,AU09,48.2,16.3667,-1995499,0,,,,,,,4,"Vienna, Wien, Austria",AU,AU09,48.2,16.3667,-1995499,20150118,http://hollywood.greekreporter.com/2015/01/18/conchita-wurst-talks-greece-gay-rights-golden-globes/
332461788,20150118,201501,2015,2015.0493,GRC,GREECE,GRC,,,,,,,,,,,,,,,,,,1,010,010,01,1,0.0,5,3,5,3.23514947789364,1,Greece,GR,GR,39,22,GR,0,,,,,,,1,Greece,GR,GR,39,22,GR,20150118,http://hollywood.greekreporter.com/2015/01/18/conchita-wurst-talks-greece-gay-rights-golden-globes/
332462221,20150118,201501,2015,2015.0493,GUY,STABROEK,GUY,,,,,,,,,,,,,,,,,,1,141,141,14,3,-6.5,10,1,10,3.125,4,"Stabroek, Demerara-Mahaica, Guyana",GY,GY12,6.8094,-58.1615,-922968,0,,,,,,,4,"Stabroek, Demerara-Mahaica, Guyana",GY,GY12,6.8094,-58.1615,-922968,20150118,http://www.stabroeknews.com/2015/news/stories/01/18/miners-protest-ensure-govt-help-falling-gold-price-broomes/
332465544,20150118,201501,2015,2015.0493,IND,MUMBAI,IND,,,,,,,,CVL,RESIDENTS,,,,,,CVL,,,1,043,043,04,1,2.8,4,1,4,4.08921933085502,4,"Mumbai, Maharashtra, India",IN,IN16,18.975,72.8258,-2092174,4,"Mumbai, Maharashtra, India",IN,IN16,18.975,72.8258,-2092174,4,"Mumbai, Maharashtra, India",IN,IN16,18.975,72.8258,-2092174,20150118,http://www.thehindu.com/news/cities/bangalore/22-kg-gold-seized-from-two-auto-passengers/article6800370.ece
332465673,20150118,201501,2015,2015.0493,IND,CHENNAI,IND,,,,,,,,GOV,SOVEREIGN,,,,,,GOV,,,1,145,145,14,3,-7.5,6,1,6,4.94505494505495,4,"Chennai, Tamil Nadu, India",IN,IN25,13.0833,80.2833,-2103041,4,"Chennai, Tamil Nadu, India",IN,IN25,13.0833,80.2833,-2103041,4,"Chennai, Tamil Nadu, India",IN,IN25,13.0833,80.2833,-2103041,20150118,http://timesofindia.indiatimes.com/city/chennai/Burglars-loot-1-2kg-gold-while-Porur-family-is-away/articleshow/45934884.cms
332466178,20150118,201501,2015,2015.0493,IRL,IRELAND,IRL,,,,,,,,,,,,,,,,,,1,010,010,01,1,0.0,4,1,4,2.86123032904149,1,Singapore,SN,SN,1.3667,103.8,SN,0,,,,,,,1,Singapore,SN,SN,1.3667,103.8,SN,20150118,https://www.goldenplec.com/featured/altered-hours-plec-picks-2015/
332468363,20150118,201501,2015,2015.0493,ISR,ISRAELI,ISR,,,,,,,,,,,,,,,,,,1,112,112,11,3,-2.0,13,2,13,1.80772793672284,1,Israel,IS,IS,31.5,34.75,IS,0,,,,,,,1,Israel,IS,IS,31.5,34.75,IS,20150118,http://nehandaradio.com/2015/01/19/minister-gold-mine-ownership-wrangle/
332468499,20150118,201501,2015,2015.0493,ISR,ISRAEL,ISR,,,,,,,,BUS,INVESTOR,,,,,,BUS,,,1,010,010,01,1,0.0,2,1,2,1.70603674540682,1,Israel,IS,IS,31.5,34.75,IS,1,Israel,IS,IS,31.5,34.75,IS,1,Israel,IS,IS,31.5,34.75,IS,20150118,http://nehandaradio.com/2015/01/19/minister-gold-mine-ownership-wrangle/
332468514,20150118,201501,2015,2015.0493,ISR,ISRAEL,ISR,,,,,,,,BUS,INVESTOR,,,,,,BUS,,,1,120,120,12,3,-4.0,2,1,2,1.70603674540682,1,Israel,IS,IS,31.5,34.75,IS,1,Israel,IS,IS,31.5,34.75,IS,1,Israel,IS,IS,31.5,34.75,IS,20150118,http://nehandaradio.com/2015/01/19/minister-gold-mine-ownership-wrangle/
332472114,20150118,201501,2015,2015.0493,JPN,JAPANESE,JPN,,,,,,,,,,,,,,,,,,1,061,061,06,2,6.4,1,1,1,3.20754716981132,4,"Beirut, Beyrouth, Lebanon",LE,LE04,33.8719,35.5097,-801546,0,,,,,,,1,Japan,JA,JA,36,138,JA,20150118,http://www.thenational.ae/arts-lifestyle/television/golden-moments-from-arabs-got-talent-inlcude-nadia-qazi-playing-turkish-march-on-the-piano
332472115,20150118,201501,2015,2015.0493,JPN,JAPAN,JPN,,,,,,,,,,,,,,,,,,1,061,061,06,2,6.4,19,2,19,1.51936444885799,1,Japan,JA,JA,36,138,JA,0,,,,,,,1,Japan,JA,JA,36,138,JA,20150118,http://www.thenational.ae/arts-lifestyle/television/golden-moments-from-arabs-got-talent-inlcude-nadia-qazi-playing-turkish-march-on-the-piano
332473692,20150118,201501,2015,2015.0493,JUD,HIGH COURT,,,,,,JUD,,,ISR,ISRAELI,ISR,,,,,,,,1,025,025,02,1,-0.3,10,1,10,1.70603674540682,1,Israel,IS,IS,31.5,34.75,IS,1,Israel,IS,IS,31.5,34.75,IS,1,Israel,IS,IS,31.5,34.75,IS,20150118,http://nehandaradio.com/2015/01/19/minister-gold-mine-ownership-wrangle/
332474848,20150118,201501,2015,2015.0493,LAB,EMPLOYEE,,,,,,LAB,,,,,,,,,,,,,0,017,017,01,1,0.0,10,1,10,5.72916666666667,4,"Bea Mountain, Grand Cape Mount, Liberia",LI,LI12,7.13333,-11,-2130103,0,,,,,,,4,"Bea Mountain, Grand Cape Mount, Liberia",LI,LI12,7.13333,-11,-2130103,20150118,http://frontpageafricaonline.com/index.php/business-tech/4295-committed-to-liberia-aureus-monurent-building-1st-gold-mine
332474930,20150118,201501,2015,2015.0493,LAB,EMPLOYEE,,,,,,LAB,,,,,,,,,,,,,0,060,060,06,2,6.0,10,1,10,5.72916666666667,4,"Bea Mountain, Grand Cape Mount, Liberia",LI,LI12,7.13333,-11,-2130103,0,,,,,,,4,"Bea Mountain, Grand Cape Mount, Liberia",LI,LI12,7.13333,-11,-2130103,20150118,http://frontpageafricaonline.com/index.php/business-tech/4295-committed-to-liberia-aureus-monurent-building-1st-gold-mine
332475174,20150118,201501,2015,2015.0493,LAB,EMPLOYEE,,,,,,LAB,,,LBR,LIBERIA,LBR,,,,,,,,0,050,050,05,1,3.5,10,1,10,5.72916666666667,4,"Bea Mountain, Grand Cape Mount, Liberia",LI,LI12,7.13333,-11,-2130103,4,"Bea Mountain, Grand Cape Mount, Liberia",LI,LI12,7.13333,-11,-2130103,4,"Bea Mountain, Grand Cape Mount, Liberia",LI,LI12,7.13333,-11,-2130103,20150118,http://frontpageafricaonline.com/index.php/business-tech/4295-committed-to-liberia-aureus-monurent-building-1st-gold-mine
332475756,20150118,201501,2015,2015.0493,LBN,BEIRUT,LBN,,,,,,,,TUR,TURKEY,TUR,,,,,,,,1,043,043,04,1,2.8,2,1,2,3.20754716981132,4,"Beirut, Beyrouth, Lebanon",LE,LE04,33.8719,35.5097,-801546,1,Turkey,TU,TU,39,35,TU,4,"Beirut, Beyrouth, Lebanon",LE,LE04,33.8719,35.5097,-801546,20150118,http://www.thenational.ae/arts-lifestyle/television/golden-moments-from-arabs-got-talent-inlcude-nadia-qazi-playing-turkish-march-on-the-piano
332475757,20150118,201501,2015,2015.0493,LBN,BEIRUT,LBN,,,,,,,,TUR,TURKEY,TUR,,,,,,,,1,043,043,04,1,2.8,2,1,2,3.20754716981132,1,Turkey,TU,TU,39,35,TU,1,Turkey,TU,TU,39,35,TU,1,Turkey,TU,TU,39,35,TU,20150118,http://www.thenational.ae/arts-lifestyle/television/golden-moments-from-arabs-got-talent-inlcude-nadia-qazi-playing-turkish-march-on-the-piano
332475910,20150118,201501,2015,2015.0493,LBRREL,LIBERIA,LBR,,,,,,,,LBR,LIBERIA,LBR,,,,,,,,1,013,013,01,1,0.4,1,1,1,5.72916666666667,4,"Bea Mountain, Grand Cape Mount, Liberia",LI,LI12,7.13333,-11,-2130103,4,"Bea Mountain, Grand Cape Mount, Liberia",LI,LI12,7.13333,-11,-2130103,4,"Bea Mountain, Grand Cape Mount, Liberia",LI,LI12,7.13333,-11,-2130103,20150118,http://frontpageafricaonline.com/index.php/business-tech/4295-committed-to-liberia-aureus-monurent-building-1st-gold-mine
332475911,20150118,201501,2015,2015.0493,LBRREL,LIBERIA,LBR,,,,,,,,LBR,LIBERIA,LBR,,,,,,,,1,013,013,01,1,0.4,1,1,1,5.72916666666667,1,Australia,AS,AS,-27,133,AS,1,Australia,AS,AS,-27,133,AS,1,Australia,AS,AS,-27,133,AS,20150118,http://frontpageafricaonline.com/index.php/business-tech/4295-committed-to-liberia-aureus-monurent-building-1st-gold-mine
332476159,20150118,201501,2015,2015.0493,LEG,SENATE,,,,,,LEG,,,,,,,,,,,,,0,010,010,01,1,0.0,6,1,6,1.53354632587859,4,"London, London, City of, United Kingdom",UK,UKH9,51.5,-0.116667,-2601889,0,,,,,,,4,"London, London, City of, United Kingdom",UK,UKH9,51.5,-0.116667,-2601889,20150118,http://www.freep.com/story/money/business/michigan/2015/01/18/goldman-sachs-sells-detroit-warehouses-reuben-brothers-buy/21898865/&c=_dhF-ZO_JfRp1yXzUPnh_58BaxwQsONAng6HfjWcJwI&mkt=en-us
332476218,20150118,201501,2015,2015.0493,LEG,SENATOR,,,,,,LEG,,,,,,,,,,,,,1,012,012,01,1,-0.4,3,1,3,1.87134502923977,2,"Maine, United States",US,USME,44.6074,-69.3977,ME,0,,,,,,,2,"Maine, United States",US,USME,44.6074,-69.3977,ME,20150118,http://downwithtyranny.blogspot.com/2015/01/did-bernie-sanders-team-up-with-goldman.html
332476396,20150118,201501,2015,2015.0493,LEG,REPRESENTATIVES,,,,,,LEG,,,,,,,,,,,,,0,040,040,04,1,1.0,6,1,6,2.18181818181818,3,"Gold Hill, North Carolina, United States",US,USNC,35.5213,-80.3381,985767,0,,,,,,,3,"Gold Hill, North Carolina, United States",US,USNC,35.5213,-80.3381,985767,20150118,http://www.salisburypost.com/2015/01/18/gold-hill-area-companies-farmer-cited-for-environmental-violations/
332476481,20150118,201501,2015,2015.0493,LEG,REPRESENTATIVES,,,,,,LEG,,,,,,,,,,,,,0,046,046,04,1,7.0,6,1,6,2.18181818181818,3,"Gold Hill, North Carolina, United States",US,USNC,35.5213,-80.3381,985767,0,,,,,,,3,"Gold Hill, North Carolina, United States",US,USNC,35.5213,-80.3381,985767,20150118,http://www.salisburypost.com/2015/01/18/gold-hill-area-companies-farmer-cited-for-environmental-violations/
332476938,20150118,201501,2015,2015.0493,LEG,SENATE,,,,,,LEG,,,GBR,UNITED KINGDOM,GBR,,,,,,,,0,010,010,01,1,0.0,4,1,4,1.53354632587859,4,"London, London, City of, United Kingdom",UK,UKH9,51.5,-0.116667,-2601889,4,"London, London, City of, United Kingdom",UK,UKH9,51.5,-0.116667,-2601889,4,"London, London, City of, United Kingdom",UK,UKH9,51.5,-0.116667,-2601889,20150118,http://www.freep.com/story/money/business/michigan/2015/01/18/goldman-sachs-sells-detroit-warehouses-reuben-brothers-buy/21898865/&c=_dhF-ZO_JfRp1yXzUPnh_58BaxwQsONAng6HfjWcJwI&mkt=en-us
332477278,20150118,201501,2015,2015.0493,LEG,SENATOR,,,,,,LEG,,,MNCUSA,GOLDMAN SACHS,USA,,,,,MNC,,,0,060,060,06,2,6.0,2,1,2,1.87134502923977,3,"Boston, Massachusetts, United States",US,USMA,42.3584,-71.0598,617565,3,"Boston, Massachusetts, United States",US,USMA,42.3584,-71.0598,617565,3,"Boston, Massachusetts, United States",US,USMA,42.3584,-71.0598,617565,20150118,http://downwithtyranny.blogspot.com/2015/01/did-bernie-sanders-team-up-with-goldman.html
332477279,20150118,201501,2015,2015.0493,LEG,SENATOR,,,,,,LEG,,,MNCUSA,GOLDMAN SACHS,USA,,,,,MNC,,,0,060,060,06,2,6.0,6,1,6,1.87134502923977,2,"Maine, United States",US,USME,44.6074,-69.3977,ME,2,"Maine, United States",US,USME,44.6074,-69.3977,ME,2,"Maine, United States",US,USME,44.6074,-69.3977,ME,20150118,http://downwithtyranny.blogspot.com/2015/01/did-bernie-sanders-team-up-with-goldman.html
332477458,20150118,201501,2015,2015.0493,LEG,SENATOR,,,,,,LEG,,,USA,UNITED STATES,USA,,,,,,,,1,012,012,01,1,-0.4,2,1,2,1.87134502923977,3,"Boston, Massachusetts, United States",US,USMA,42.3584,-71.0598,617565,3,"Boston, Massachusetts, United States",US,USMA,42.3584,-71.0598,617565,3,"Boston, Massachusetts, United States",US,USMA,42.3584,-71.0598,617565,20150118,http://downwithtyranny.blogspot.com/2015/01/did-bernie-sanders-team-up-with-goldman.html
332477493,20150118,201501,2015,2015.0493,LEG,REPRESENTATIVES,,,,,,LEG,,,USA,UNITED STATES,USA,,,,,,,,0,040,040,04,1,1.0,4,1,4,2.18181818181818,3,"Cabarrus County, North Carolina, United States",US,USNC,35.3668,-80.5665,1008540,3,"Cabarrus County, North Carolina, United States",US,USNC,35.3668,-80.5665,1008540,3,"Cabarrus County, North Carolina, United States",US,USNC,35.3668,-80.5665,1008540,20150118,http://www.salisburypost.com/2015/01/18/gold-hill-area-companies-farmer-cited-for-environmental-violations/
332477550,20150118,201501,2015,2015.0493,LEG,REPRESENTATIVES,,,,,,LEG,,,USA,UNITED STATES,USA,,,,,,,,0,046,046,04,1,7.0,4,1,4,2.18181818181818,3,"Cabarrus County, North Carolina, United States",US,USNC,35.3668,-80.5665,1008540,3,"Cabarrus County, North Carolina, United States",US,USNC,35.3668,-80.5665,1008540,3,"Cabarrus County, North Carolina, United States",US,USNC,35.3668,-80.5665,1008540,20150118,http://www.salisburypost.com/2015/01/18/gold-hill-area-companies-farmer-cited-for-environmental-violations/
332478630,20150118,201501,2015,2015.0493,MDV,MALE,MDV,,,,,,,,,,,,,,,,,,1,090,090,09,2,-2.0,10,1,10,5.19480519480519,0,,,,,,,0,,,,,,,0,,,,,,,20150118,http://www.goldcoastbulletin.com.au/news/emergency-services-rush-to-help-teen-at-currumbin-rock-pools-on-the-gold-coast/story-fnj94j0t-1227188857748
332478930,20150118,201501,2015,2015.0493,MED,MAGAZINE,,,,,,MED,,,,,,,,,,,,,1,014,014,01,1,0.0,2,1,2,1.94518125552608,4,"North Sea, Oceans (general), Oceans",OS,OS00,55.3333,3,-1506407,0,,,,,,,4,"North Sea, Oceans (general), Oceans",OS,OS00,55.3333,3,-1506407,20150118,http://www.uniongazette.com/politics/how-westminster-helped-squander-scotlands-black-gold-h5204.html
332478933,20150118,201501,2015,2015.0493,MED,MAGAZINE,,,,,,MED,,,,,,,,,,,,,1,014,014,01,1,0.0,8,1,8,1.94518125552608,1,Norway,NO,NO,62,10,NO,0,,,,,,,1,Norway,NO,NO,62,10,NO,20150118,http://www.uniongazette.com/politics/how-westminster-helped-squander-scotlands-black-gold-h5204.html
332479608,20150118,201501,2015,2015.0493,MED,WRITER,,,,,,MED,,,BUS,PRODUCER,,,,,,BUS,,,0,040,040,04,1,1.0,7,1,7,5.2901023890785,3,"Washington, District of Columbia, United States",US,USDC,38.8951,-77.0364,531871,3,"Washington, District of Columbia, United States",US,USDC,38.8951,-77.0364,531871,3,"Washington, District of Columbia, United States",US,USDC,38.8951,-77.0364,531871,20150118,http://www.washingtonpost.com/business/capitalbusiness/local-entrepreneur-snags-a-spot-in-golden-globes-gifting-suite/2015/01/16/73e34918-981e-11e4-927a-4fa2638cd1b0_story.html
332481504,20150118,201501,2015,2015.0493,MIL,CARRIER,,,,,,MIL,,,,,,,,,,,,,1,043,043,04,1,2.8,10,1,10,6.52741514360313,3,"Hollywood, California, United States",US,USCA,34.0983,-118.327,1660757,0,,,,,,,3,"Hollywood, California, United States",US,USCA,34.0983,-118.327,1660757,20150118,http://www.dailymail.co.uk/tvshowbiz/article-2915304/Quvenzhane-Wallis-smiles-leaves-LA-handed-Golden-Globe-Awards.html
332483230,20150118,201501,2015,2015.0493,MNCUSA,GOLDMAN SACHS,USA,,,,,MNC,,,,,,,,,,,,,0,0311,031,03,1,5.2,5,1,5,2.98507462686567,4,"Mumbai, Maharashtra, India",IN,IN16,18.975,72.8258,-2092174,0,,,,,,,4,"Mumbai, Maharashtra, India",IN,IN16,18.975,72.8258,-2092174,20150118,http://www.livemint.com/Companies/FJ00T2Hvil4ktJEsqEzrxJ/Reliance-Capital-eyes-Goldman-Indias-MF-unit.html
332483245,20150118,201501,2015,2015.0493,MNCUSA,GOLDMAN SACHS,USA,,,,,MNC,,,,,,,,,,,,,1,071,071,07,2,7.4,15,1,10,2.98507462686567,4,"Mumbai, Maharashtra, India",IN,IN16,18.975,72.8258,-2092174,0,,,,,,,4,"Mumbai, Maharashtra, India",IN,IN16,18.975,72.8258,-2092174,20150118,http://www.livemint.com/Companies/FJ00T2Hvil4ktJEsqEzrxJ/Reliance-Capital-eyes-Goldman-Indias-MF-unit.html
332483305,20150118,201501,2015,2015.0493,MNCUSA,GOLDMAN SACHS,USA,,,,,MNC,,,CHE,SWITZERLAND,CHE,,,,,,,,1,060,060,06,2,6.0,10,1,10,1.53354632587859,4,"London, London, City of, United Kingdom",UK,UKH9,51.5,-0.116667,-2601889,4,"London, London, City of, United Kingdom",UK,UKH9,51.5,-0.116667,-2601889,4,"London, London, City of, United Kingdom",UK,UKH9,51.5,-0.116667,-2601889,20150118,http://www.freep.com/story/money/business/michigan/2015/01/18/goldman-sachs-sells-detroit-warehouses-reuben-brothers-buy/21898865/&c=_dhF-ZO_JfRp1yXzUPnh_58BaxwQsONAng6HfjWcJwI&mkt=en-us
332483538,20150118,201501,2015,2015.0493,MNCZAF,ANGLOGOLD ASHANTI,ZAF,,,,,MNC,,,,,,,,,,,,,1,120,120,12,3,-4.0,10,1,10,5.61576354679803,1,Cayman Islands,CJ,CJ,19.5,-80.5,CJ,0,,,,,,,1,Cayman Islands,CJ,CJ,19.5,-80.5,CJ,20150118,http://www.bdlive.co.za/businesstimes/2015/01/18/betting-on-the-price-of-gold-a-game-of-craps
332483539,20150118,201501,2015,2015.0493,MNCZAF,ANGLOGOLD ASHANTI,ZAF,,,,,MNC,,,,,,,,,,,,,0,120,120,12,3,-4.0,10,1,10,5.61576354679803,1,South Africa,SF,SF,-29,24,SF,0,,,,,,,1,South Africa,SF,SF,-29,24,SF,20150118,http://www.bdlive.co.za/businesstimes/2015/01/18/betting-on-the-price-of-gold-a-game-of-craps
332488665,20150118,201501,2015,2015.0493,NZL,NEW ZEALAND,NZL,,,,,,,,,,,,,,,,,,1,021,021,02,1,3.4,2,1,2,3.10077519379845,4,"Greenstone River, New Zealand (general), New Zealand",NZ,NZ00,-44.9333,168.367,-1510213,0,,,,,,,4,"Greenstone River, New Zealand (general), New Zealand",NZ,NZ00,-44.9333,168.367,-1510213,20150118,http://www.radionz.co.nz/news/regional/264003/missing-goldminer-declared-dead
332488713,20150118,201501,2015,2015.0493,NZL,NEW ZEALAND,NZL,,,,,,,,,,,,,,,,,,1,112,112,11,3,-2.0,4,1,4,3.10077519379845,4,"Greenstone River, New Zealand (general), New Zealand",NZ,NZ00,-44.9333,168.367,-1510213,0,,,,,,,4,"Greenstone River, New Zealand (general), New Zealand",NZ,NZ00,-44.9333,168.367,-1510213,20150118,http://www.radionz.co.nz/news/regional/264003/missing-goldminer-declared-dead
332494126,20150118,201501,2015,2015.0493,PRK,NORTH KOREA,PRK,,,,,,,,USA,UNITED STATES,USA,,,,,,,,1,036,036,03,1,4.0,4,1,4,7.12468193384224,1,North Korea,KN,KN,40,127,KN,3,"Hollywood, California, United States",US,USCA,34.0983,-118.327,1660757,3,"Hollywood, California, United States",US,USCA,34.0983,-118.327,1660757,20150118,http://www.ngrguardiannews.com/features/fashion/194270-golden-globe-of-style-elegance
332496683,20150118,201501,2015,2015.0493,REL,BISHOP,,,,,,,,,LBR,LIBERIA,LBR,,,,,,,,1,013,013,01,1,0.4,3,1,3,5.72916666666667,4,"Bea Mountain, Grand Cape Mount, Liberia",LI,LI12,7.13333,-11,-2130103,4,"Bea Mountain, Grand Cape Mount, Liberia",LI,LI12,7.13333,-11,-2130103,4,"Bea Mountain, Grand Cape Mount, Liberia",LI,LI12,7.13333,-11,-2130103,20150118,http://frontpageafricaonline.com/index.php/business-tech/4295-committed-to-liberia-aureus-monurent-building-1st-gold-mine
332496684,20150118,201501,2015,2015.0493,REL,BISHOP,,,,,,,,,LBR,LIBERIA,LBR,,,,,,,,1,013,013,01,1,0.4,3,1,3,5.72916666666667,1,Australia,AS,AS,-27,133,AS,1,Australia,AS,AS,-27,133,AS,1,Australia,AS,AS,-27,133,AS,20150118,http://frontpageafricaonline.com/index.php/business-tech/4295-committed-to-liberia-aureus-monurent-building-1st-gold-mine
332496941,20150118,201501,2015,2015.0493,RUS,RUSSIA,RUS,,,,,,,,,,,,,,,,,,0,010,010,01,1,0.0,1,1,1,1.53354632587859,1,Russia,RS,RS,60,100,RS,0,,,,,,,2,"New York, United States",US,USNY,42.1497,-74.9384,NY,20150118,http://www.freep.com/story/money/business/michigan/2015/01/18/goldman-sachs-sells-detroit-warehouses-reuben-brothers-buy/21898865/&c=_dhF-ZO_JfRp1yXzUPnh_58BaxwQsONAng6HfjWcJwI&mkt=en-us
332501703,20150118,201501,2015,2015.0493,TUR,TURKEY,TUR,,,,,,,,LBN,BEIRUT,LBN,,,,,,,,1,042,042,04,1,1.9,2,1,2,3.20754716981132,1,Algeria,AG,AG,28,3,AG,1,Algeria,AG,AG,28,3,AG,1,Algeria,AG,AG,28,3,AG,20150118,http://www.thenational.ae/arts-lifestyle/television/golden-moments-from-arabs-got-talent-inlcude-nadia-qazi-playing-turkish-march-on-the-piano
332501704,20150118,201501,2015,2015.0493,TUR,TURKEY,TUR,,,,,,,,LBN,BEIRUT,LBN,,,,,,,,1,042,042,04,1,1.9,2,1,2,3.20754716981132,1,Algeria,AG,AG,28,3,AG,1,Morocco,MO,MO,32,-5,MO,1,Algeria,AG,AG,28,3,AG,20150118,http://www.thenational.ae/arts-lifestyle/television/golden-moments-from-arabs-got-talent-inlcude-nadia-qazi-playing-turkish-march-on-the-piano
332505415,20150118,201501,2015,2015.0493,USA,UNITED STATES,USA,,,,,,,,,,,,,,,,,,1,020,020,02,1,3.0,4,1,4,4.16666666666667,3,"San Francisco, California, United States",US,USCA,37.7749,-122.419,277593,0,,,,,,,3,"San Francisco, California, United States",US,USCA,37.7749,-122.419,277593,20150118,http://www.dailymail.co.uk/news/article-2914953/The-mesmerizing-Golden-Grate-Bridge-zipper-truck-lays-30million-safety-barrier-day.html
332506281,20150118,201501,2015,2015.0493,USA,LOS ANGELES,USA,,,,,,,,,,,,,,,,,,1,042,042,04,1,1.9,36,11,36,7.17195194644697,3,"Hollywood, California, United States",US,USCA,34.0983,-118.327,1660757,0,,,,,,,3,"Hollywood, California, United States",US,USCA,34.0983,-118.327,1660757,20150118,http://www.dailymail.co.uk/tvshowbiz/article-2915304/Quvenzhane-Wallis-smiles-leaves-LA-handed-Golden-Globe-Awards.html
332507948,20150118,201501,2015,2015.0493,USA,PHOENIX,USA,,,,,,,,,,,,,,,,,,1,110,110,11,3,-2.0,4,1,4,6.73575129533679,4,"Vienna, Wien, Austria",AU,AU09,48.2,16.3667,-1995499,0,,,,,,,4,"Vienna, Wien, Austria",AU,AU09,48.2,16.3667,-1995499,20150118,http://hollywood.greekreporter.com/2015/01/18/conchita-wurst-talks-greece-gay-rights-golden-globes/
332508300,20150118,201501,2015,2015.0493,USA,UNITED STATES,USA,,,,,,,,,,,,,,,,,,1,120,120,12,3,-4.0,1,1,1,1.4344262295082,1,Syria,SY,SY,35,38,SY,0,,,,,,,1,Syria,SY,SY,35,38,SY,20150118,http://www.todayszaman.com/business_oil-dives-anew-falling-5-percent-on-goldman-downgrade-outages_369612.html
332508308,20150118,201501,2015,2015.0493,USA,UNITED STATES,USA,,,,,,,,,,,,,,,,,,1,120,120,12,3,-4.0,1,1,1,1.4344262295082,1,Venezuela,VE,VE,8,-66,VE,0,,,,,,,1,Syria,SY,SY,35,38,SY,20150118,http://www.todayszaman.com/business_oil-dives-anew-falling-5-percent-on-goldman-downgrade-outages_369612.html
332509634,20150118,201501,2015,2015.0493,USA,UNITED STATES,USA,,,,,,,,BUS,COMPANIES,,,,,,BUS,,,1,070,070,07,2,7.0,3,1,3,5.2901023890785,3,"Washington, District of Columbia, United States",US,USDC,38.8951,-77.0364,531871,3,"Washington, District of Columbia, United States",US,USDC,38.8951,-77.0364,531871,3,"Washington, District of Columbia, United States",US,USDC,38.8951,-77.0364,531871,20150118,http://www.washingtonpost.com/business/capitalbusiness/local-entrepreneur-snags-a-spot-in-golden-globes-gifting-suite/2015/01/16/73e34918-981e-11e4-927a-4fa2638cd1b0_story.html
332509879,20150118,201501,2015,2015.0493,USA,UNITED STATES,USA,,,,,,,,CHE,SWITZERLAND,CHE,,,,,,,,0,061,061,06,2,6.4,16,1,16,3.57366771159875,1,United States,US,US,38,-97,US,1,Switzerland,SZ,SZ,47,8,SZ,1,United States,US,US,38,-97,US,20150118,http://seekingalpha.com/article/2828596-china-continues-to-drain-global-gold-inventory&c=dqb7LbPt4FlRTRHFCkc71iRmdrHm-KwwWOtWNbPdhJY&mkt=en-us
332509880,20150118,201501,2015,2015.0493,USA,UNITED STATES,USA,,,,,,,,CHE,SWITZERLAND,CHE,,,,,,,,0,061,061,06,2,6.4,4,1,4,3.57366771159875,1,United States,US,US,38,-97,US,1,United States,US,US,38,-97,US,1,United States,US,US,38,-97,US,20150118,http://seekingalpha.com/article/2828596-china-continues-to-drain-global-gold-inventory&c=dqb7LbPt4FlRTRHFCkc71iRmdrHm-KwwWOtWNbPdhJY&mkt=en-us
332513776,20150118,201501,2015,2015.0493,USA,UNITED STATES,USA,,,,,,,,LEG,REPRESENTATIVES,,,,,,LEG,,,0,040,040,04,1,1.0,4,1,4,2.18181818181818,3,"Cabarrus County, North Carolina, United States",US,USNC,35.3668,-80.5665,1008540,3,"Cabarrus County, North Carolina, United States",US,USNC,35.3668,-80.5665,1008540,3,"Cabarrus County, North Carolina, United States",US,USNC,35.3668,-80.5665,1008540,20150118,http://www.salisburypost.com/2015/01/18/gold-hill-area-companies-farmer-cited-for-environmental-violations/
332513830,20150118,201501,2015,2015.0493,USA,UNITED STATES,USA,,,,,,,,LEG,REPRESENTATIVES,,,,,,LEG,,,0,046,046,04,1,7.0,4,1,4,2.18181818181818,3,"Cabarrus County, North Carolina, United States",US,USNC,35.3668,-80.5665,1008540,3,"Cabarrus County, North Carolina, United States",US,USNC,35.3668,-80.5665,1008540,3,"Cabarrus County, North Carolina, United States",US,USNC,35.3668,-80.5665,1008540,20150118,http://www.salisburypost.com/2015/01/18/gold-hill-area-companies-farmer-cited-for-environmental-violations/
332515134,20150118,201501,2015,2015.0493,USA,UNITED STATES,USA,,,,,,,,PRK,NORTH KOREA,PRK,,,,,,,,1,036,036,03,1,4.0,2,1,2,7.12468193384224,1,France,FR,FR,46,2,FR,1,France,FR,FR,46,2,FR,1,France,FR,FR,46,2,FR,20150118,http://www.ngrguardiannews.com/features/fashion/194270-golden-globe-of-style-elegance
332515135,20150118,201501,2015,2015.0493,USA,UNITED STATES,USA,,,,,,,,PRK,NORTH KOREA,PRK,,,,,,,,1,036,036,03,1,4.0,2,1,2,7.12468193384224,1,South Korea,KS,KS,37,127.5,KS,1,South Korea,KS,KS,37,127.5,KS,1,South Korea,KS,KS,37,127.5,KS,20150118,http://www.ngrguardiannews.com/features/fashion/194270-golden-globe-of-style-elegance
332520117,20150118,201501,2015,2015.0493,USALEG,UNITED STATES,USA,,,,,LEG,,,MNCUSA,GOLDMAN SACHS,USA,,,,,MNC,,,0,060,060,06,2,6.0,2,1,2,1.87134502923977,3,"Boston, Massachusetts, United States",US,USMA,42.3584,-71.0598,617565,3,"Boston, Massachusetts, United States",US,USMA,42.3584,-71.0598,617565,3,"Boston, Massachusetts, United States",US,USMA,42.3584,-71.0598,617565,20150118,http://downwithtyranny.blogspot.com/2015/01/did-bernie-sanders-team-up-with-goldman.html
332522031,20150118,201501,2015,2015.0493,ZAF,SOUTH AFRICAN,ZAF,,,,,,,,,,,,,,,,,,1,120,120,12,3,-4.0,20,1,10,5.61576354679803,1,South Africa,SF,SF,-29,24,SF,0,,,,,,,1,South Africa,SF,SF,-29,24,SF,20150118,http://www.bdlive.co.za/businesstimes/2015/01/18/betting-on-the-price-of-gold-a-game-of-craps
332522767,20150118,201501,2015,2015.0493,mal,MALAYALAM,,,mal,,,,,,,,,,,,,,,,1,193,193,19,4,-10.0,10,1,10,4.21511627906977,0,,,,,,,0,,,,,,,0,,,,,,,20150118,http://www.thehindu.com/features/metroplus/old-is-gold-kallichellamma/article6799126.ece
