Date,Gold_Price,sent_enc,increase_ind
2024-01-02,0.4431287541781306,0,-1
2024-01-03,0.4298699452874683,0,-1
2024-01-04,0.4314543552633472,0,1
2024-01-05,0.4317045118657061,0,1
2024-01-08,0.419362859022758,1,-1
2024-01-09,0.4198631722274766,1,1
2024-01-10,0.4162775094327235,1,-1
2024-01-11,0.419362859022758,1,1
2024-01-12,0.4347065183354228,2,1
2024-01-16,0.4196964859868399,1,-1
2024-01-17,0.4024349169756196,1,-1
2024-01-18,0.4151934126615633,2,1
2024-01-19,0.4198631722274766,2,1
2024-01-22,0.4139426296497668,2,-1
2024-01-23,0.4200299857095178,2,1
2024-01-24,0.4071046765415331,0,-1
2024-01-25,0.4132755029630071,0,1
2024-01-26,0.4121914061918472,2,-1
2024-01-29,0.4231988056612754,1,1
2024-01-30,0.4253668719621912,2,1
2024-01-31,0.4241994320707127,2,-1
2024-02-01,0.4405437177928142,2,1
2024-02-02,0.4255336854442324,2,-1
2024-02-05,0.4168612929991653,0,-1
2024-02-06,0.4250333722395136,0,1
2024-02-07,0.4246164021551131,2,-1
2024-02-08,0.4231988056612754,2,-1
2024-02-09,0.4171114496015242,2,-1
2024-02-12,0.4130253463606479,0,-1
2024-02-13,0.3915109878679137,0,-1
2024-02-14,0.3905937045787946,0,-1
2024-02-15,0.4009339773614633,1,1
2024-02-16,0.4066043633368146,1,1
2024-02-20,0.4160273528303642,1,1
2024-02-21,0.4161106959506819,2,1
2024-02-22,0.4167778226374417,2,1
2024-02-23,0.4256170285645502,2,1
2024-02-26,0.4221147088901151,1,-1
2024-02-27,0.4204469557939183,2,-1
2024-02-28,0.4232821487815938,2,1
2024-02-29,0.4313708849016235,2,1
2024-03-01,0.4612241361167475,2,1
2024-03-04,0.4872414406933543,1,1
2024-03-05,0.4970814002713042,1,1
2024-03-06,0.5105903657643254,0,1
2024-03-07,0.5200133552578756,0,1
2024-03-08,0.534106104317339,2,1
2024-03-11,0.5371914539073737,1,1
2024-03-12,0.5187624450046742,1,-1
2024-03-13,0.5304369711608627,1,1
2024-03-14,0.5234323318119924,0,-1
2024-03-15,0.5180954455593194,0,-1
2024-03-18,0.5207638250649536,2,1
2024-03-19,0.5188459153663973,2,-1
2024-03-20,0.5386923935215293,1,1
2024-03-21,0.5369412973050143,1,-1
2024-03-22,0.5234323318119924,2,-1
2024-03-25,0.5287692180646661,2,1
2024-03-26,0.5341894474376572,0,1
2024-03-27,0.5463642867985641,0,1
2024-03-28,0.5682121450139757,1,1
2024-04-01,0.5857238706275558,2,1
2024-04-02,0.6113242051197616,2,1
2024-04-03,0.6267512075527446,2,1
2024-04-04,0.6165777482521164,2,-1
2024-04-05,0.6467644991899175,2,1
2024-04-08,0.6579385848999824,1,1
2024-04-09,0.6678618875982512,2,1
2024-04-10,0.6506837889487533,2,-1
2024-04-11,0.6856237698141907,2,1
2024-04-12,0.6613575614540996,2,-1
2024-04-15,0.6952134455483767,2,1
2024-04-16,0.6974649822110153,2,1
2024-04-17,0.6838725463562709,1,-1
2024-04-18,0.6901267158980631,1,1
2024-04-19,0.6958805722351364,2,1
2024-04-22,0.6503502892260757,0,-1
2024-04-23,0.6459305590211166,0,-1
2024-04-24,0.6425950528287228,0,-1
2024-04-25,0.653268825334069,2,1
2024-04-26,0.6591060247914609,2,1
2024-04-29,0.6554368916349846,2,-1
2024-04-30,0.61949628436011,2,-1
2024-05-01,0.6355069431181295,1,1
2024-05-02,0.6300033706248203,1,-1
2024-05-03,0.6285857741309826,2,-1
2024-05-06,0.6472648123946361,0,1
2024-05-07,0.6390093900339697,2,-1
2024-05-08,0.6337558469016145,2,-1
2024-05-09,0.6618578746588182,1,1
2024-05-10,0.6765344072847232,1,1
2024-05-13,0.6561040183217448,0,-1
2024-05-14,0.6713642072726864,0,1
2024-05-15,0.6947131323436582,1,1
2024-05-16,0.6875416795127469,1,-1
2024-05-17,0.7178119008122705,2,1
2024-05-20,0.7253168533658592,2,1
2024-05-21,0.7225650034985023,2,-1
2024-05-22,0.6882088061995069,2,-1
2024-05-23,0.6516010722378722,2,-1
2024-05-24,0.653268825334069,2,1
2024-05-28,0.6721981474414871,2,1
2024-05-29,0.655270205394348,0,-1
2024-05-30,0.6586891819484655,0,1
2024-05-31,0.6480987525634372,2,-1
2024-06-03,0.6641094113214567,1,1
2024-06-04,0.6478485959610776,0,-1
2024-06-05,0.6691127978514526,0,1
2024-06-06,0.682538292982751,2,1
2024-06-07,0.6172448749388761,2,-1
2024-06-10,0.6334222199375321,2,1
2024-06-11,0.6385089495878462,2,1
2024-06-12,0.6432621795154825,0,1
2024-06-13,0.6286691172513006,0,-1
2024-06-14,0.65168441535819,2,1
2024-06-17,0.6423448962263638,1,-1
2024-06-18,0.6495163490572748,1,1
2024-06-20,0.6719479908391273,2,1
2024-06-21,0.643762492720201,2,-1
2024-06-24,0.6508506024307943,2,1
2024-06-25,0.6419279261419626,2,-1
2024-06-26,0.6254169541792249,2,-1
2024-06-27,0.6455137161781215,2,1
2024-06-28,0.6456804024187579,1,1
2024-07-01,0.6503502892260757,1,1
2024-07-02,0.6502668188643521,2,-1
2024-07-03,0.6705303943452905,2,1
2024-07-05,0.6950466320663355,0,1
2024-07-08,0.6721981474414871,0,-1
2024-07-09,0.6752834970315211,0,1
2024-07-10,0.6819546366577147,1,1
2024-07-11,0.7143929242581539,1,1
2024-07-12,0.7132254843666759,1,-1
2024-07-15,0.7192294973061086,2,1
2024-07-16,0.7564208875927796,1,1
2024-07-17,0.7475816816656713,1,-1
2024-07-18,0.7354903126664873,2,-1
2024-07-19,0.701717771692528,2,-1
2024-07-22,0.70230155525897,2,1
2024-07-23,0.7088058814031215,2,1
2024-07-24,0.70230155525897,2,-1
2024-07-25,0.6733655873329654,2,-1
2024-07-26,0.6925450660427428,2,1
2024-07-29,0.6899600296574266,2,-1
2024-07-30,0.7083055681984027,2,1
2024-07-31,0.7419112956903209,2,1
2024-08-01,0.7354069695461691,2,-1
2024-08-02,0.7318211795100114,2,-1
2024-08-05,0.7079719412343204,0,-1
2024-08-06,0.6931287223677793,0,-1
2024-08-07,0.6918779393559829,2,-1
2024-08-08,0.7207304369202647,2,1
2024-08-09,0.7253168533658592,2,1
2024-08-12,0.7574216412436214,2,1
2024-08-13,0.7545029778942229,2,-1
2024-08-14,0.7389926323409224,2,-1
2024-08-15,0.7449133021600369,2,1
2024-08-16,0.7872748924587458,2,1
2024-08-19,0.7841060725069879,2,-1
2024-08-20,0.791194182217581,2,1
2024-08-21,0.7886090185908603,2,-1
2024-08-22,0.7654269070019291,2,-1
2024-08-23,0.7875250490611045,2,1
2024-08-26,0.7936957482411744,2,1
2024-08-27,0.798949291373529,2,1
2024-08-28,0.7852735123984662,2,-1
2024-08-29,0.7952801582170528,2,1
2024-08-30,0.7814375657599486,2,-1
2024-09-03,0.7730986730375591,1,-1
2024-09-04,0.7742661129290374,0,1
2024-09-05,0.7902768989284616,0,1
2024-09-06,0.7759339932666394,1,-1
2024-09-09,0.7840227293866695,1,1
2024-09-10,0.7925283083496955,2,1
2024-09-11,0.789442958759661,2,-1
2024-09-12,0.8234656563359795,2,1
2024-09-13,0.843061977888752,2,1
2024-09-16,0.8428952916481154,2,-1
2024-09-17,0.8318878921786874,2,-1
2024-09-18,0.816627703227746,2,-1
2024-09-19,0.8471480811296288,2,1
2024-09-20,0.8724983862608802,2,1
2024-09-23,0.8764175487783106,2,1
2024-09-24,0.9046865172589608,2,1
2024-09-25,0.90185119702988,2,-1
2024-09-26,0.912274812932867,0,1
2024-09-27,0.8959306544521703,0,-1
2024-09-30,0.8795863687300678,2,-1
2024-10-01,0.9008505706204432,2,1
2024-10-02,0.9012675407048432,2,1
2024-10-03,0.8998499442110062,2,-1
2024-10-04,0.8957638409701294,2,-1
2024-10-07,0.8888425447415773,2,-1
2024-10-08,0.8738325123929946,0,-1
2024-10-09,0.8628252401649712,0,-1
2024-10-10,0.877585115911194,2,1
2024-10-11,0.8996831307289648,2,1
2024-10-14,0.8963476245365707,1,-1
2024-10-15,0.9034356070057592,1,1
2024-10-16,0.9136924094267054,2,1
2024-10-17,0.9260340622696532,2,1
2024-10-18,0.9480487339671057,2,1
2024-10-21,0.9476317638827052,2,-1
2024-10-22,0.9702300919051944,2,1
2024-10-23,0.9447131005333068,2,-1
2024-10-24,0.9608072296530497,2,1
2024-10-25,0.9651434894962858,2,1
2024-10-28,0.9652268326166038,2,1
2024-10-29,0.9882421307234932,2,1
2024-10-30,0.9999999999999998,2,1
2024-10-31,0.9667277722307596,2,-1
2024-11-01,0.9580553797856924,2,-1
2024-11-04,0.961057386255409,1,1
2024-11-05,0.9658104889416406,0,1
2024-11-06,0.901601040427521,0,-1
2024-11-07,0.9345396412326792,2,1
2024-11-08,0.920447019414621,2,-1
2024-11-11,0.8719146026944384,2,-1
2024-11-12,0.8544863474425812,2,-1
2024-11-13,0.8343062423233669,1,-1
2024-11-14,0.8291360423113303,1,-1
2024-11-15,0.825633722636895,0,-1
2024-11-18,0.8631587398876486,0,1
2024-11-19,0.8811707787059471,2,1
2024-11-20,0.8925950210183713,2,1
2024-11-21,0.9096064334272328,2,1
2024-11-22,0.936124051208558,2,1
2024-11-25,0.8747497956821138,0,-1
2024-11-26,0.8786690854409496,0,1
2024-11-27,0.8831721587662267,0,1
2024-11-29,0.9006837571384023,0,1
2024-12-02,0.8827551886818263,2,-1
2024-12-03,0.8868411646812977,0,1
2024-12-04,0.8930119911027721,0,1
2024-12-05,0.8779186156338719,2,-1
2024-12-06,0.8786690854409496,2,1
2024-12-09,0.8987658474398461,0,1
2024-12-10,0.9257004353055708,0,1
2024-12-11,0.9454636975817896,2,1
2024-12-12,0.9147765061978654,2,-1
2024-12-13,0.8898431711510144,1,-1
2024-12-16,0.8947632145606919,1,1
2024-12-17,0.8869246350430211,2,-1
2024-12-18,0.8478985509367072,2,-1
2024-12-19,0.8507338711657868,2,1
2024-12-20,0.8715811029717611,2,1
2024-12-23,0.862074770357893,0,-1
2024-12-24,0.8660774032370469,0,1
2024-12-26,0.8796698390917916,2,1
2024-12-27,0.8657437762729645,1,-1
2024-12-30,0.8593229204905362,2,-1
2024-12-31,0.8718312595741204,2,1
