Date,SLV,^GSPC
2019-12-02,15.800000190734863,3113.8701171875
2019-12-03,16.049999237060547,3093.199951171875
2019-12-04,15.760000228881836,3112.760009765625
2019-12-05,15.850000381469727,3117.429931640625
2019-12-06,15.479999542236328,3145.909912109375
2019-12-09,15.5,3135.9599609375
2019-12-10,15.569999694824219,3132.52001953125
2019-12-11,15.75,3141.6298828125
2019-12-12,15.850000381469727,3168.570068359375
2019-12-13,15.84000015258789,3168.800048828125
2019-12-16,15.90999984741211,3191.449951171875
2019-12-17,15.880000114440918,3192.52001953125
2019-12-18,15.899999618530273,3191.139892578125
2019-12-19,15.9399995803833,3205.3701171875
2019-12-20,16.040000915527344,3221.219970703125
2019-12-23,16.280000686645508,3224.010009765625
2019-12-24,16.579999923706055,3223.3798828125
2019-12-26,16.729999542236328,3239.909912109375
2019-12-27,16.579999923706055,3240.02001953125
2019-12-30,16.739999771118164,3221.2900390625
2019-12-31,16.68000030517578,3230.780029296875
2020-01-02,16.809999465942383,3257.85009765625
2020-01-03,16.84000015258789,3234.85009765625
2020-01-06,16.940000534057617,3246.280029296875
2020-01-07,17.170000076293945,3237.179931640625
2020-01-08,16.93000030517578,3253.050048828125
2020-01-09,16.719999313354492,3274.699951171875
2020-01-10,16.889999389648438,3265.35009765625
2020-01-13,16.780000686645508,3288.1298828125
2020-01-14,16.6200008392334,3283.14990234375
2020-01-15,16.809999465942383,3289.2900390625
2020-01-16,16.770000457763672,3316.81005859375
2020-01-17,16.81999969482422,3329.6201171875
2020-01-21,16.639999389648438,3320.7900390625
2020-01-22,16.65999984741211,3321.75
2020-01-23,16.610000610351562,3325.5400390625
2020-01-24,16.90999984741211,3295.469970703125
2020-01-27,16.889999389648438,3243.6298828125
2020-01-28,16.31999969482422,3276.239990234375
2020-01-29,16.40999984741211,3273.39990234375
2020-01-30,16.68000030517578,3283.659912109375
2020-01-31,16.81999969482422,3225.52001953125
2020-02-03,16.5,3248.919921875
2020-02-04,16.450000762939453,3297.590087890625
2020-02-05,16.459999084472656,3334.68994140625
2020-02-06,16.6299991607666,3345.780029296875
2020-02-07,16.540000915527344,3327.7099609375
2020-02-10,16.610000610351562,3352.090087890625
2020-02-11,16.479999542236328,3357.75
2020-02-12,16.329999923706055,3379.449951171875
2020-02-13,16.459999084472656,3373.93994140625
2020-02-14,16.559999465942383,3380.159912109375
2020-02-18,17.010000228881836,3370.2900390625
2020-02-19,17.229999542236328,3386.14990234375
2020-02-20,17.139999389648438,3373.22998046875
2020-02-21,17.280000686645508,3337.75
2020-02-24,17.399999618530273,3225.889892578125
2020-02-25,16.709999084472656,3128.2099609375
2020-02-26,16.68000030517578,3116.389892578125
2020-02-27,16.469999313354492,2978.760009765625
2020-02-28,15.529999732971191,2954.219970703125
2020-03-02,15.5600004196167,3090.22998046875
2020-03-03,16.020000457763672,3003.3701171875
2020-03-04,16.09000015258789,3130.1201171875
2020-03-05,16.299999237060547,3023.93994140625
2020-03-06,16.18000030517578,2972.3701171875
2020-03-09,15.880000114440918,2746.56005859375
2020-03-10,15.729999542236328,2882.22998046875
2020-03-11,15.630000114440918,2741.3798828125
2020-03-12,14.619999885559082,2480.639892578125
2020-03-13,13.6899995803833,2711.02001953125
2020-03-16,12.0,2386.1298828125
2020-03-17,11.880000114440918,2529.18994140625
2020-03-18,11.210000038146973,2398.10009765625
2020-03-19,11.319999694824219,2409.389892578125
2020-03-20,11.619999885559082,2304.919921875
2020-03-23,12.3100004196167,2237.39990234375
2020-03-24,13.289999961853027,2447.330078125
2020-03-25,13.510000228881836,2475.56005859375
2020-03-26,13.529999732971191,2630.070068359375
2020-03-27,13.4399995803833,2541.469970703125
2020-03-30,13.15999984741211,2626.64990234375
2020-03-31,13.050000190734863,2584.590087890625
2020-04-01,13.020000457763672,2470.5
2020-04-02,13.529999732971191,2526.89990234375
2020-04-03,13.460000038146973,2488.64990234375
2020-04-06,14.029999732971191,2663.679931640625
2020-04-07,13.989999771118164,2659.409912109375
2020-04-08,13.9399995803833,2749.97998046875
2020-04-09,14.34000015258789,2789.820068359375
2020-04-13,14.399999618530273,2761.6298828125
2020-04-14,14.649999618530273,2846.06005859375
2020-04-15,14.489999771118164,2783.360107421875
2020-04-16,14.510000228881836,2799.550048828125
2020-04-17,14.149999618530273,2874.56005859375
2020-04-20,14.260000228881836,2823.159912109375
2020-04-21,13.880000114440918,2736.56005859375
2020-04-22,14.09000015258789,2799.31005859375
2020-04-23,14.210000038146973,2797.800048828125
2020-04-24,14.210000038146973,2836.739990234375
2020-04-27,14.210000038146973,2878.47998046875
2020-04-28,14.100000381469727,2863.389892578125
2020-04-29,14.279999732971191,2939.510009765625
2020-04-30,13.979999542236328,2912.429931640625
2020-05-01,13.920000076293945,2830.7099609375
2020-05-04,13.770000457763672,2842.739990234375
2020-05-05,13.930000305175781,2868.43994140625
2020-05-06,13.920000076293945,2848.419921875
2020-05-07,14.260000228881836,2881.18994140625
2020-05-08,14.4399995803833,2929.800048828125
2020-05-11,14.4399995803833,2930.18994140625
2020-05-12,14.420000076293945,2870.1201171875
2020-05-13,14.550000190734863,2820.0
2020-05-14,14.8100004196167,2852.5
2020-05-15,15.510000228881836,2863.699951171875
2020-05-18,15.789999961853027,2953.909912109375
2020-05-19,16.170000076293945,2922.93994140625
2020-05-20,16.360000610351562,2971.610107421875
2020-05-21,15.960000038146973,2948.510009765625
2020-05-22,16.040000915527344,2955.449951171875
2020-05-26,15.970000267028809,2991.77001953125
2020-05-27,16.149999618530273,3036.1298828125
2020-05-28,16.190000534057617,3029.72998046875
2020-05-29,16.65999984741211,3044.31005859375
2020-06-01,17.100000381469727,3055.72998046875
2020-06-02,16.84000015258789,3080.820068359375
2020-06-03,16.479999542236328,3122.8701171875
2020-06-04,16.540000915527344,3112.35009765625
2020-06-05,16.200000762939453,3193.929931640625
2020-06-08,16.59000015258789,3232.389892578125
2020-06-09,16.420000076293945,3207.179931640625
2020-06-10,16.959999084472656,3190.139892578125
2020-06-11,16.440000534057617,3002.10009765625
2020-06-12,16.280000686645508,3041.31005859375
2020-06-15,16.229999542236328,3066.590087890625
2020-06-16,16.260000228881836,3124.739990234375
2020-06-17,16.329999923706055,3113.489990234375
2020-06-18,16.209999084472656,3115.340087890625
2020-06-19,16.489999771118164,3097.739990234375
2020-06-22,16.5,3117.860107421875
2020-06-23,16.760000228881836,3131.2900390625
2020-06-24,16.280000686645508,3050.330078125
2020-06-25,16.59000015258789,3083.760009765625
2020-06-26,16.6299991607666,3009.050048828125
2020-06-29,16.649999618530273,3053.239990234375
2020-06-30,17.010000228881836,3100.2900390625
2020-07-01,16.81999969482422,3115.860107421875
2020-07-02,16.709999084472656,3130.010009765625
2020-07-06,17.049999237060547,3179.719970703125
2020-07-07,17.010000228881836,3145.320068359375
2020-07-08,17.489999771118164,3169.93994140625
2020-07-09,17.3799991607666,3152.050048828125
2020-07-10,17.43000030517578,3185.0400390625
2020-07-13,17.729999542236328,3155.219970703125
2020-07-14,17.969999313354492,3197.52001953125
2020-07-15,18.170000076293945,3226.56005859375
2020-07-16,17.780000686645508,3215.570068359375
2020-07-17,18.010000228881836,3224.72998046875
2020-07-20,18.530000686645508,3251.840087890625
2020-07-21,19.670000076293945,3257.300048828125
2020-07-22,21.440000534057617,3276.02001953125
2020-07-23,21.030000686645508,3235.659912109375
2020-07-24,21.209999084472656,3215.6298828125
2020-07-27,22.829999923706055,3239.409912109375
2020-07-28,22.770000457763672,3218.43994140625
2020-07-29,22.56999969482422,3258.43994140625
2020-07-30,21.760000228881836,3246.219970703125
2020-07-31,22.649999618530273,3271.1201171875
2020-08-03,22.739999771118164,3294.610107421875
2020-08-04,24.25,3306.510009765625
2020-08-05,25.049999237060547,3327.77001953125
2020-08-06,26.8799991607666,3349.159912109375
2020-08-07,26.190000534057617,3351.280029296875
2020-08-10,27.0,3360.469970703125
2020-08-11,23.329999923706055,3333.68994140625
2020-08-12,23.420000076293945,3380.35009765625
2020-08-13,25.450000762939453,3373.429931640625
2020-08-14,24.579999923706055,3372.85009765625
2020-08-17,25.6200008392334,3381.989990234375
2020-08-18,25.8799991607666,3389.780029296875
2020-08-19,24.8799991607666,3374.85009765625
2020-08-20,25.610000610351562,3385.510009765625
2020-08-21,24.899999618530273,3397.159912109375
2020-08-24,24.600000381469727,3431.280029296875
2020-08-25,24.760000228881836,3443.6201171875
2020-08-26,25.56999969482422,3478.72998046875
2020-08-27,25.15999984741211,3484.550048828125
2020-08-28,25.610000610351562,3508.010009765625
2020-08-31,26.229999542236328,3500.31005859375
2020-09-01,26.139999389648438,3526.64990234375
2020-09-02,25.549999237060547,3580.840087890625
2020-09-03,24.739999771118164,3455.06005859375
2020-09-04,25.059999465942383,3426.9599609375
2020-09-08,24.75,3331.840087890625
2020-09-09,25.18000030517578,3398.9599609375
2020-09-10,24.860000610351562,3339.18994140625
2020-09-11,24.899999618530273,3340.969970703125
2020-09-14,25.290000915527344,3383.5400390625
2020-09-15,25.229999542236328,3401.199951171875
2020-09-16,25.229999542236328,3385.489990234375
2020-09-17,25.229999542236328,3357.010009765625
2020-09-18,24.93000030517578,3319.469970703125
2020-09-21,23.030000686645508,3281.06005859375
2020-09-22,22.790000915527344,3315.570068359375
2020-09-23,21.170000076293945,3236.919921875
2020-09-24,21.559999465942383,3246.590087890625
2020-09-25,21.299999237060547,3298.4599609375
2020-09-28,22.020000457763672,3351.60009765625
2020-09-29,22.5,3335.469970703125
2020-09-30,21.639999389648438,3363.0
2020-10-01,22.09000015258789,3380.800048828125
2020-10-02,22.1299991607666,3348.419921875
2020-10-05,22.6200008392334,3408.60009765625
2020-10-06,21.729999542236328,3360.969970703125
2020-10-07,22.09000015258789,3419.43994140625
2020-10-08,22.18000030517578,3446.830078125
2020-10-09,23.40999984741211,3477.139892578125
2020-10-12,23.329999923706055,3534.219970703125
2020-10-13,22.489999771118164,3511.929931640625
2020-10-14,22.540000915527344,3488.669921875
2020-10-15,22.59000015258789,3483.340087890625
2020-10-16,22.420000076293945,3483.81005859375
2020-10-19,22.579999923706055,3426.919921875
2020-10-20,23.020000457763672,3443.1201171875
2020-10-21,23.290000915527344,3435.56005859375
2020-10-22,22.959999084472656,3453.489990234375
2020-10-23,22.940000534057617,3465.389892578125
2020-10-26,22.610000610351562,3400.969970703125
2020-10-27,22.729999542236328,3390.679931640625
2020-10-28,21.780000686645508,3271.030029296875
2020-10-29,21.709999084472656,3310.110107421875
2020-10-30,21.989999771118164,3269.9599609375
2020-11-02,22.40999984741211,3310.239990234375
2020-11-03,22.440000534057617,3369.159912109375
2020-11-04,22.239999771118164,3443.43994140625
2020-11-05,23.610000610351562,3510.449951171875
2020-11-06,23.790000915527344,3509.43994140625
2020-11-09,22.5,3550.5
2020-11-10,22.43000030517578,3545.530029296875
2020-11-11,22.520000457763672,3572.659912109375
2020-11-12,22.549999237060547,3537.010009765625
2020-11-13,22.899999618530273,3585.14990234375
2020-11-16,23.020000457763672,3626.909912109375
2020-11-17,22.739999771118164,3609.530029296875
2020-11-18,22.549999237060547,3567.7900390625
2020-11-19,22.420000076293945,3581.8701171875
2020-11-20,22.489999771118164,3557.5400390625
2020-11-23,21.93000030517578,3577.590087890625
2020-11-24,21.6299991607666,3635.409912109375
2020-11-25,21.719999313354492,3629.64990234375
2020-11-27,21.049999237060547,3638.35009765625
2020-11-30,21.049999237060547,3621.6298828125
2020-12-01,22.299999237060547,3662.449951171875
2020-12-02,22.329999923706055,3669.010009765625
2020-12-03,22.43000030517578,3666.719970703125
2020-12-04,22.479999542236328,3699.1201171875
2020-12-07,22.81999969482422,3691.9599609375
2020-12-08,22.81999969482422,3702.25
2020-12-09,22.229999542236328,3672.820068359375
2020-12-10,22.31999969482422,3668.10009765625
2020-12-11,22.260000228881836,3663.4599609375
2020-12-14,22.15999984741211,3647.489990234375
2020-12-15,22.799999237060547,3694.6201171875
2020-12-16,23.6200008392334,3701.169921875
2020-12-17,24.149999618530273,3722.47998046875
2020-12-18,23.959999084472656,3709.409912109375
2020-12-21,24.3799991607666,3694.919921875
2020-12-22,23.43000030517578,3687.260009765625
2020-12-23,23.799999237060547,3690.010009765625
2020-12-24,23.959999084472656,3703.06005859375
2020-12-28,24.43000030517578,3735.360107421875
2020-12-29,24.389999389648438,3727.0400390625
2020-12-30,24.760000228881836,3732.0400390625
2020-12-31,24.56999969482422,3756.070068359375
2021-01-04,25.350000381469727,3700.64990234375
2021-01-05,25.670000076293945,3726.860107421875
2021-01-06,25.34000015258789,3748.139892578125
2021-01-07,25.260000228881836,3803.7900390625
2021-01-08,23.510000228881836,3824.679931640625
2021-01-11,23.209999084472656,3799.610107421875
2021-01-12,23.719999313354492,3801.18994140625
2021-01-13,23.440000534057617,3809.840087890625
2021-01-14,23.709999084472656,3795.5400390625
2021-01-15,22.950000762939453,3768.25
2021-01-19,23.3799991607666,3798.909912109375
2021-01-20,24.010000228881836,3851.85009765625
2021-01-21,24.149999618530273,3853.070068359375
2021-01-22,23.65999984741211,3841.469970703125
2021-01-25,23.549999237060547,3855.360107421875
2021-01-26,23.649999618530273,3849.6201171875
2021-01-27,23.420000076293945,3750.77001953125
2021-01-28,24.719999313354492,3787.3798828125
2021-01-29,24.989999771118164,3714.239990234375
2021-02-01,26.760000228881836,3773.860107421875
2021-02-02,24.540000915527344,3826.31005859375
2021-02-03,24.93000030517578,3830.169921875
2021-02-04,24.479999542236328,3871.739990234375
2021-02-05,24.950000762939453,3886.830078125
2021-02-08,25.389999389648438,3915.590087890625
2021-02-09,25.280000686645508,3911.22998046875
2021-02-10,25.06999969482422,3909.8798828125
2021-02-11,25.09000015258789,3916.3798828125
2021-02-12,25.309999465942383,3934.830078125
2021-02-16,25.260000228881836,3932.590087890625
2021-02-17,25.399999618530273,3931.330078125
2021-02-18,25.059999465942383,3913.969970703125
2021-02-19,25.260000228881836,3906.7099609375
2021-02-22,26.270000457763672,3876.5
2021-02-23,25.709999084472656,3881.3701171875
2021-02-24,25.940000534057617,3925.429931640625
2021-02-25,25.399999618530273,3829.340087890625
2021-02-26,24.65999984741211,3811.14990234375
2021-03-01,24.600000381469727,3901.820068359375
2021-03-02,24.799999237060547,3870.2900390625
2021-03-03,24.280000686645508,3819.719970703125
2021-03-04,23.559999465942383,3768.469970703125
2021-03-05,23.360000610351562,3841.93994140625
2021-03-08,23.31999969482422,3821.35009765625
2021-03-09,24.049999237060547,3875.43994140625
2021-03-10,24.31999969482422,3898.81005859375
2021-03-11,24.25,3939.340087890625
2021-03-12,24.030000686645508,3943.340087890625
2021-03-15,24.329999923706055,3968.93994140625
2021-03-16,24.100000381469727,3962.7099609375
2021-03-17,24.420000076293945,3974.1201171875
2021-03-18,24.100000381469727,3915.4599609375
2021-03-19,24.309999465942383,3913.10009765625
2021-03-22,23.940000534057617,3940.590087890625
2021-03-23,23.219999313354492,3910.52001953125
2021-03-24,23.239999771118164,3889.139892578125
2021-03-25,23.290000915527344,3909.52001953125
2021-03-26,23.229999542236328,3974.5400390625
2021-03-29,22.90999984741211,3971.090087890625
2021-03-30,22.260000228881836,3958.550048828125
2021-03-31,22.700000762939453,3972.889892578125
2021-04-01,23.149999618530273,4019.8701171875
2021-04-05,23.09000015258789,4077.909912109375
2021-04-06,23.34000015258789,4073.93994140625
2021-04-07,23.329999923706055,4079.949951171875
2021-04-08,23.6200008392334,4097.169921875
2021-04-09,23.40999984741211,4128.7998046875
2021-04-12,23.040000915527344,4127.990234375
2021-04-13,23.510000228881836,4141.58984375
2021-04-14,23.59000015258789,4124.66015625
2021-04-15,24.030000686645508,4170.419921875
2021-04-16,24.09000015258789,4185.47021484375
2021-04-19,23.979999542236328,4163.259765625
2021-04-20,23.959999084472656,4134.93994140625
2021-04-21,24.700000762939453,4173.419921875
2021-04-22,24.209999084472656,4134.97998046875
2021-04-23,24.139999389648438,4180.169921875
2021-04-26,24.299999237060547,4187.6201171875
2021-04-27,24.389999389648438,4186.72021484375
2021-04-28,24.399999618530273,4183.18017578125
2021-04-29,24.25,4211.47021484375
2021-04-30,24.010000228881836,4181.169921875
2021-05-03,24.959999084472656,4192.66015625
2021-05-04,24.56999969482422,4164.66015625
2021-05-05,24.56999969482422,4167.58984375
2021-05-06,25.3700008392334,4201.6201171875
2021-05-07,25.469999313354492,4232.60009765625
2021-05-10,25.350000381469727,4188.43017578125
2021-05-11,25.670000076293945,4152.10009765625
2021-05-12,25.09000015258789,4063.0400390625
2021-05-13,25.15999984741211,4112.5
2021-05-14,25.459999084472656,4173.85009765625
2021-05-17,26.190000534057617,4163.2900390625
2021-05-18,26.149999618530273,4127.830078125
2021-05-19,25.729999542236328,4115.68017578125
2021-05-20,25.790000915527344,4159.1201171875
2021-05-21,25.530000686645508,4155.85986328125
2021-05-24,25.75,4197.0498046875
2021-05-25,25.989999771118164,4188.1298828125
2021-05-26,25.670000076293945,4195.990234375
2021-05-27,25.850000381469727,4200.8798828125
2021-05-28,25.899999618530273,4204.10986328125
2021-06-01,25.84000015258789,4202.0400390625
2021-06-02,26.149999618530273,4208.1201171875
2021-06-03,25.459999084472656,4192.85009765625
2021-06-04,25.780000686645508,4229.89013671875
2021-06-07,25.899999618530273,4226.52001953125
2021-06-08,25.610000610351562,4227.259765625
2021-06-09,25.780000686645508,4219.5498046875
2021-06-10,25.969999313354492,4239.18017578125
2021-06-11,25.8700008392334,4247.43994140625
2021-06-14,25.84000015258789,4255.14990234375
2021-06-15,25.649999618530273,4246.58984375
2021-06-16,25.260000228881836,4223.7001953125
2021-06-17,24.049999237060547,4221.85986328125
2021-06-18,23.8799991607666,4166.4501953125
2021-06-21,24.079999923706055,4224.7900390625
2021-06-22,23.850000381469727,4246.43994140625
2021-06-23,23.93000030517578,4241.83984375
2021-06-24,24.040000915527344,4266.490234375
2021-06-25,24.18000030517578,4280.7001953125
2021-06-28,24.209999084472656,4290.60986328125
2021-06-29,23.889999389648438,4291.7998046875
2021-06-30,24.219999313354492,4297.5
2021-07-01,24.110000610351562,4319.93994140625
2021-07-02,24.549999237060547,4352.33984375
2021-07-06,24.229999542236328,4343.5400390625
2021-07-07,24.239999771118164,4358.1298828125
2021-07-08,24.010000228881836,4320.81982421875
2021-07-09,24.190000534057617,4369.5498046875
2021-07-12,24.280000686645508,4384.6298828125
2021-07-13,24.079999923706055,4369.2099609375
2021-07-14,24.329999923706055,4374.2998046875
2021-07-15,24.3799991607666,4360.02978515625
2021-07-16,23.770000457763672,4327.16015625
2021-07-19,23.290000915527344,4258.490234375
2021-07-20,23.139999389648438,4323.06005859375
2021-07-21,23.420000076293945,4358.68994140625
2021-07-22,23.559999465942383,4367.47998046875
2021-07-23,23.350000381469727,4411.7900390625
2021-07-26,23.360000610351562,4422.2998046875
2021-07-27,22.959999084472656,4401.4599609375
2021-07-28,23.170000076293945,4400.64013671875
2021-07-29,23.719999313354492,4419.14990234375
2021-07-30,23.6299991607666,4395.259765625
2021-08-02,23.530000686645508,4387.16015625
2021-08-03,23.68000030517578,4423.14990234375
2021-08-04,23.540000915527344,4402.66015625
2021-08-05,23.299999237060547,4429.10009765625
2021-08-06,22.520000457763672,4436.52001953125
2021-08-09,21.75,4432.35009765625
2021-08-10,21.6200008392334,4436.75
2021-08-11,21.84000015258789,4442.41015625
2021-08-12,21.5,4460.830078125
2021-08-13,21.969999313354492,4468.0
2021-08-16,22.100000381469727,4479.7099609375
2021-08-17,21.899999618530273,4448.080078125
2021-08-18,21.760000228881836,4400.27001953125
2021-08-19,21.510000228881836,4405.7998046875
2021-08-20,21.350000381469727,4441.669921875
2021-08-23,21.8799991607666,4479.52978515625
2021-08-24,22.079999923706055,4486.22998046875
2021-08-25,22.09000015258789,4496.18994140625
2021-08-26,21.850000381469727,4470.0
2021-08-27,22.329999923706055,4509.3701171875
2021-08-30,22.260000228881836,4528.7900390625
2021-08-31,22.139999389648438,4522.68017578125
2021-09-01,22.3700008392334,4524.08984375
2021-09-02,22.139999389648438,4536.9501953125
2021-09-03,22.8799991607666,4535.43017578125
2021-09-07,22.510000228881836,4520.02978515625
2021-09-08,22.170000076293945,4514.06982421875
2021-09-09,22.270000457763672,4493.27978515625
2021-09-10,21.989999771118164,4458.580078125
2021-09-13,21.989999771118164,4468.72998046875
2021-09-14,22.100000381469727,4443.0498046875
2021-09-15,22.06999969482422,4480.7001953125
2021-09-16,21.25,4473.75
2021-09-17,20.739999771118164,4432.990234375
2021-09-20,20.59000015258789,4357.72998046875
2021-09-21,20.84000015258789,4354.18994140625
2021-09-22,20.989999771118164,4395.64013671875
2021-09-23,20.90999984741211,4448.97998046875
2021-09-24,20.709999084472656,4455.47998046875
2021-09-27,20.940000534057617,4443.10986328125
2021-09-28,20.780000686645508,4352.6298828125
2021-09-29,19.950000762939453,4359.4599609375
2021-09-30,20.520000457763672,4307.5400390625
2021-10-01,20.829999923706055,4357.0400390625
2021-10-04,20.979999542236328,4300.4599609375
2021-10-05,20.920000076293945,4345.72021484375
2021-10-06,20.959999084472656,4363.5498046875
2021-10-07,20.899999618530273,4399.759765625
2021-10-08,20.950000762939453,4391.33984375
2021-10-11,20.8799991607666,4361.18994140625
2021-10-12,20.93000030517578,4350.64990234375
2021-10-13,21.329999923706055,4363.7998046875
2021-10-14,21.799999237060547,4438.259765625
2021-10-15,21.579999923706055,4471.3701171875
2021-10-18,21.489999771118164,4486.4599609375
2021-10-19,21.889999389648438,4519.6298828125
2021-10-20,22.530000686645508,4536.18994140625
2021-10-21,22.350000381469727,4549.77978515625
2021-10-22,22.540000915527344,4544.89990234375
2021-10-25,22.739999771118164,4566.47998046875
2021-10-26,22.3700008392334,4574.7900390625
2021-10-27,22.290000915527344,4551.68017578125
2021-10-28,22.270000457763672,4596.419921875
2021-10-29,22.09000015258789,4605.3798828125
2021-11-01,22.229999542236328,4613.669921875
2021-11-02,21.799999237060547,4630.64990234375
2021-11-03,21.809999465942383,4660.56982421875
2021-11-04,22.0,4680.06005859375
2021-11-05,22.350000381469727,4697.52978515625
2021-11-08,22.649999618530273,4701.7001953125
2021-11-09,22.530000686645508,4685.25
2021-11-10,22.8700008392334,4646.7099609375
2021-11-11,23.350000381469727,4649.27001953125
2021-11-12,23.420000076293945,4682.85009765625
2021-11-15,23.239999771118164,4682.7998046875
2021-11-16,22.959999084472656,4700.89990234375
2021-11-17,23.170000076293945,4688.669921875
2021-11-18,22.959999084472656,4704.5400390625
2021-11-19,22.75,4697.9599609375
2021-11-22,22.34000015258789,4682.93994140625
2021-11-23,21.920000076293945,4690.7001953125
2021-11-24,21.790000915527344,4701.4599609375
2021-11-26,21.3700008392334,4594.6201171875
2021-11-29,21.15999984741211,4655.27001953125
2021-11-30,21.059999465942383,4567.0
2021-12-01,20.56999969482422,4513.0400390625
2021-12-02,20.690000534057617,4577.10009765625
2021-12-03,20.850000381469727,4538.43017578125
2021-12-06,20.709999084472656,4591.669921875
2021-12-07,20.809999465942383,4686.75
2021-12-08,20.760000228881836,4701.2099609375
2021-12-09,20.299999237060547,4667.4501953125
2021-12-10,20.5,4712.02001953125
2021-12-13,20.610000610351562,4668.97021484375
2021-12-14,20.309999465942383,4634.08984375
2021-12-15,20.40999984741211,4709.85009765625
2021-12-16,20.790000915527344,4668.669921875
2021-12-17,20.68000030517578,4620.64013671875
2021-12-20,20.56999969482422,4568.02001953125
2021-12-21,20.770000457763672,4649.22998046875
2021-12-22,21.100000381469727,4696.56005859375
2021-12-23,21.15999984741211,4725.7900390625
2021-12-27,21.329999923706055,4791.18994140625
2021-12-28,21.270000457763672,4786.35009765625
2021-12-29,21.110000610351562,4793.06005859375
2021-12-30,21.34000015258789,4778.72998046875
2021-12-31,21.510000228881836,4766.18017578125
2022-01-03,21.18000030517578,4796.56005859375
2022-01-04,21.31999969482422,4793.5400390625
2022-01-05,21.0,4700.580078125
2022-01-06,20.510000228881836,4696.0498046875
2022-01-07,20.6200008392334,4677.02978515625
2022-01-10,20.760000228881836,4670.2900390625
2022-01-11,21.049999237060547,4713.06982421875
2022-01-12,21.450000762939453,4726.35009765625
2022-01-13,21.329999923706055,4659.02978515625
2022-01-14,21.200000762939453,4662.85009765625
2022-01-18,21.690000534057617,4577.10986328125
2022-01-19,22.3700008392334,4532.759765625
2022-01-20,22.6200008392334,4482.72998046875
2022-01-21,22.3799991607666,4397.93994140625
2022-01-24,22.110000610351562,4410.1298828125
2022-01-25,22.020000457763672,4356.4501953125
2022-01-26,21.719999313354492,4349.93017578125
2022-01-27,21.020000457763672,4326.509765625
2022-01-28,20.709999084472656,4431.85009765625
2022-01-31,20.799999237060547,4515.5498046875
2022-02-01,20.940000534057617,4546.5400390625
2022-02-02,20.93000030517578,4589.3798828125
2022-02-03,20.709999084472656,4477.43994140625
2022-02-04,20.790000915527344,4500.52978515625
2022-02-07,21.270000457763672,4483.8701171875
2022-02-08,21.450000762939453,4521.5400390625
2022-02-09,21.530000686645508,4587.18017578125
2022-02-10,21.420000076293945,4504.080078125
2022-02-11,21.829999923706055,4418.64013671875
2022-02-14,22.049999237060547,4401.669921875
2022-02-15,21.610000610351562,4471.06982421875
2022-02-16,21.8700008392334,4475.009765625
2022-02-17,22.040000915527344,4380.259765625
2022-02-18,22.1200008392334,4348.8701171875
2022-02-22,22.309999465942383,4304.759765625
2022-02-23,22.729999542236328,4225.5
2022-02-24,22.309999465942383,4288.7001953125
2022-02-25,22.399999618530273,4384.64990234375
2022-02-28,22.6200008392334,4373.93994140625
2022-03-01,23.540000915527344,4306.259765625
2022-03-02,23.3700008392334,4386.5400390625
2022-03-03,23.290000915527344,4363.490234375
2022-03-04,23.639999389648438,4328.8701171875
2022-03-07,23.700000762939453,4201.08984375
2022-03-08,24.450000762939453,4170.7001953125
2022-03-09,23.799999237060547,4277.8798828125
2022-03-10,24.010000228881836,4259.52001953125
2022-03-11,23.8700008392334,4204.31005859375
2022-03-14,23.15999984741211,4173.10986328125
2022-03-15,23.0,4262.4501953125
2022-03-16,23.110000610351562,4357.85986328125
2022-03-17,23.329999923706055,4411.669921875
2022-03-18,23.020000457763672,4463.1201171875
2022-03-21,23.280000686645508,4461.18017578125
2022-03-22,22.8799991607666,4511.60986328125
2022-03-23,23.239999771118164,4456.240234375
2022-03-24,23.610000610351562,4520.16015625
2022-03-25,23.479999542236328,4543.06005859375
2022-03-28,22.93000030517578,4575.52001953125
2022-03-29,22.90999984741211,4631.60009765625
2022-03-30,22.940000534057617,4602.4501953125
2022-03-31,22.8799991607666,4530.41015625
2022-04-01,22.739999771118164,4545.85986328125
2022-04-04,22.6299991607666,4582.64013671875
2022-04-05,22.360000610351562,4525.1201171875
2022-04-06,22.56999969482422,4481.14990234375
2022-04-07,22.700000762939453,4500.2099609375
2022-04-08,22.81999969482422,4488.27978515625
2022-04-11,23.149999618530273,4412.52978515625
2022-04-12,23.469999313354492,4397.4501953125
2022-04-13,23.75,4446.58984375
2022-04-14,23.639999389648438,4392.58984375
2022-04-18,23.8700008392334,4391.68994140625
2022-04-19,23.239999771118164,4462.2099609375
2022-04-20,23.280000686645508,4459.4501953125
2022-04-21,22.790000915527344,4393.66015625
2022-04-22,22.309999465942383,4271.77978515625
2022-04-25,21.829999923706055,4296.1201171875
2022-04-26,21.649999618530273,4175.2001953125
2022-04-27,21.489999771118164,4183.9599609375
2022-04-28,21.420000076293945,4287.5
2022-04-29,21.040000915527344,4131.93017578125
2022-05-02,20.8700008392334,4155.3798828125
2022-05-03,20.829999923706055,4175.47998046875
2022-05-04,21.280000686645508,4300.169921875
2022-05-05,20.780000686645508,4146.8701171875
2022-05-06,20.65999984741211,4123.33984375
2022-05-09,20.030000686645508,3991.239990234375
2022-05-10,19.549999237060547,4001.050048828125
2022-05-11,19.8700008392334,3935.179931640625
2022-05-12,19.1200008392334,3930.080078125
2022-05-13,19.420000076293945,4023.889892578125
2022-05-16,19.93000030517578,4008.010009765625
2022-05-17,19.920000076293945,4088.85009765625
2022-05-18,19.729999542236328,3923.679931640625
2022-05-19,20.270000457763672,3900.7900390625
2022-05-20,20.06999969482422,3901.360107421875
2022-05-23,20.100000381469727,3973.75
2022-05-24,20.389999389648438,3941.47998046875
2022-05-25,20.34000015258789,3978.72998046875
2022-05-26,20.309999465942383,4057.840087890625
2022-05-27,20.360000610351562,4158.240234375
2022-05-31,19.84000015258789,4132.14990234375
2022-06-01,20.1299991607666,4101.22998046875
2022-06-02,20.59000015258789,4176.81982421875
2022-06-03,20.229999542236328,4108.5400390625
2022-06-06,20.3700008392334,4121.43017578125
2022-06-07,20.520000457763672,4160.68017578125
2022-06-08,20.350000381469727,4115.77001953125
2022-06-09,19.969999313354492,4017.820068359375
2022-06-10,20.190000534057617,3900.860107421875
2022-06-13,19.5,3749.6298828125
2022-06-14,19.3700008392334,3735.47998046875
2022-06-15,19.959999084472656,3789.989990234375
2022-06-16,20.239999771118164,3666.77001953125
2022-06-17,19.979999542236328,3674.840087890625
2022-06-21,19.979999542236328,3764.7900390625
2022-06-22,19.760000228881836,3759.889892578125
2022-06-23,19.3700008392334,3795.72998046875
2022-06-24,19.510000228881836,3911.739990234375
2022-06-27,19.489999771118164,3900.110107421875
2022-06-28,19.190000534057617,3821.550048828125
2022-06-29,19.139999389648438,3818.830078125
2022-06-30,18.639999389648438,3785.3798828125
2022-07-01,18.309999465942383,3825.330078125
2022-07-05,17.729999542236328,3831.389892578125
2022-07-06,17.690000534057617,3845.080078125
2022-07-07,17.75,3902.6201171875
2022-07-08,17.790000915527344,3899.3798828125
2022-07-11,17.579999923706055,3854.429931640625
2022-07-12,17.440000534057617,3818.800048828125
2022-07-13,17.690000534057617,3801.780029296875
2022-07-14,17.0,3790.3798828125
2022-07-15,17.190000534057617,3863.159912109375
2022-07-18,17.219999313354492,3830.85009765625
2022-07-19,17.290000915527344,3936.68994140625
2022-07-20,17.190000534057617,3959.89990234375
2022-07-21,17.399999618530273,3998.949951171875
2022-07-22,17.139999389648438,3961.6298828125
2022-07-25,16.979999542236328,3966.840087890625
2022-07-26,17.15999984741211,3921.050048828125
2022-07-27,17.600000381469727,4023.610107421875
2022-07-28,18.43000030517578,4072.429931640625
2022-07-29,18.700000762939453,4130.2900390625
2022-08-01,18.790000915527344,4118.6298828125
2022-08-02,18.40999984741211,4091.18994140625
2022-08-03,18.489999771118164,4155.169921875
2022-08-04,18.639999389648438,4151.93994140625
2022-08-05,18.329999923706055,4145.18994140625
2022-08-08,19.030000686645508,4140.06005859375
2022-08-09,18.93000030517578,4122.47021484375
2022-08-10,18.950000762939453,4210.240234375
2022-08-11,18.670000076293945,4207.27001953125
2022-08-12,19.170000076293945,4280.14990234375
2022-08-15,18.68000030517578,4297.14013671875
2022-08-16,18.56999969482422,4305.2001953125
2022-08-17,18.25,4274.0400390625
2022-08-18,18.040000915527344,4283.740234375
2022-08-19,17.549999237060547,4228.47998046875
2022-08-22,17.5,4137.990234375
2022-08-23,17.6200008392334,4128.72998046875
2022-08-24,17.6299991607666,4140.77001953125
2022-08-25,17.729999542236328,4199.1201171875
2022-08-26,17.360000610351562,4057.659912109375
2022-08-29,17.290000915527344,4030.610107421875
2022-08-30,16.959999084472656,3986.159912109375
2022-08-31,16.579999923706055,3955.0
2022-09-01,16.3799991607666,3966.85009765625
2022-09-02,16.56999969482422,3924.260009765625
2022-09-06,16.540000915527344,3908.18994140625
2022-09-07,17.0,3979.8701171875
2022-09-08,17.030000686645508,4006.179931640625
2022-09-09,17.31999969482422,4067.360107421875
2022-09-12,18.170000076293945,4110.41015625
2022-09-13,17.829999923706055,3932.68994140625
2022-09-14,18.0,3946.010009765625
2022-09-15,17.6299991607666,3901.35009765625
2022-09-16,17.989999771118164,3873.330078125
2022-09-19,17.989999771118164,3899.889892578125
2022-09-20,17.729999542236328,3855.929931640625
2022-09-21,18.059999465942383,3789.929931640625
2022-09-22,18.09000015258789,3757.989990234375
2022-09-23,17.360000610351562,3693.22998046875
2022-09-26,16.920000076293945,3655.0400390625
2022-09-27,16.899999618530273,3647.2900390625
2022-09-28,17.450000762939453,3719.0400390625
2022-09-29,17.3700008392334,3640.469970703125
2022-09-30,17.5,3585.6201171875
2022-10-03,19.100000381469727,3678.429931640625
2022-10-04,19.360000610351562,3790.929931640625
2022-10-05,18.989999771118164,3783.280029296875
2022-10-06,19.040000915527344,3744.52001953125
2022-10-07,18.5,3639.659912109375
2022-10-10,18.09000015258789,3612.389892578125
2022-10-11,17.68000030517578,3588.840087890625
2022-10-12,17.59000015258789,3577.030029296875
2022-10-13,17.389999389648438,3669.909912109375
2022-10-14,16.809999465942383,3583.070068359375
2022-10-17,17.1200008392334,3677.949951171875
2022-10-18,17.229999542236328,3719.97998046875
2022-10-19,17.010000228881836,3695.159912109375
2022-10-20,17.170000076293945,3665.780029296875
2022-10-21,17.760000228881836,3752.75
2022-10-24,17.68000030517578,3797.340087890625
2022-10-25,17.860000610351562,3859.110107421875
2022-10-26,17.979999542236328,3830.60009765625
2022-10-27,17.979999542236328,3807.300048828125
2022-10-28,17.739999771118164,3901.06005859375
2022-10-31,17.6200008392334,3871.97998046875
2022-11-01,18.049999237060547,3856.10009765625
2022-11-02,17.729999542236328,3759.68994140625
2022-11-03,17.940000534057617,3719.889892578125
2022-11-04,19.260000228881836,3770.550048828125
2022-11-07,19.149999618530273,3806.800048828125
2022-11-08,19.700000762939453,3828.110107421875
2022-11-09,19.360000610351562,3748.570068359375
2022-11-10,19.969999313354492,3956.3701171875
2022-11-11,19.950000762939453,3992.929931640625
2022-11-14,20.239999771118164,3957.25
2022-11-15,19.8799991607666,3991.72998046875
2022-11-16,19.739999771118164,3958.7900390625
2022-11-17,19.290000915527344,3946.56005859375
2022-11-18,19.25,3965.340087890625
2022-11-21,19.200000762939453,3949.93994140625
2022-11-22,19.43000030517578,4003.580078125
2022-11-23,19.809999465942383,4027.260009765625
2022-11-25,19.719999313354492,4026.1201171875
2022-11-28,19.260000228881836,3963.93994140625
2022-11-29,19.559999465942383,3957.6298828125
2022-11-30,20.43000030517578,4080.110107421875
2022-12-01,20.979999542236328,4076.570068359375
2022-12-02,21.290000915527344,4071.699951171875
2022-12-05,20.440000534057617,3998.840087890625
2022-12-06,20.440000534057617,3941.260009765625
2022-12-07,20.920000076293945,3933.919921875
2022-12-08,21.209999084472656,3963.510009765625
2022-12-09,21.559999465942383,3934.3798828125
2022-12-12,21.459999084472656,3990.56005859375
2022-12-13,21.829999923706055,4019.64990234375
2022-12-14,21.989999771118164,3995.320068359375
2022-12-15,21.239999771118164,3895.75
2022-12-16,21.3700008392334,3852.360107421875
2022-12-19,21.1200008392334,3817.659912109375
2022-12-20,22.229999542236328,3821.6201171875
2022-12-21,22.06999969482422,3878.43994140625
2022-12-22,21.690000534057617,3822.389892578125
2022-12-23,21.850000381469727,3844.820068359375
2022-12-27,22.110000610351562,3829.25
2022-12-28,21.600000381469727,3783.219970703125
2022-12-29,21.969999313354492,3849.280029296875
2022-12-30,22.020000457763672,3839.5
2023-01-03,22.049999237060547,3824.139892578125
2023-01-04,21.889999389648438,3852.969970703125
2023-01-05,21.389999389648438,3808.10009765625
2023-01-06,21.920000076293945,3895.080078125
2023-01-09,21.739999771118164,3892.090087890625
2023-01-10,21.729999542236328,3919.25
2023-01-11,21.549999237060547,3969.610107421875
2023-01-12,21.8799991607666,3983.169921875
2023-01-13,22.329999923706055,3999.090087890625
2023-01-17,22.010000228881836,3990.969970703125
2023-01-18,21.56999969482422,3928.860107421875
2023-01-19,21.959999084472656,3898.85009765625
2023-01-20,22.020000457763672,3972.610107421875
2023-01-23,21.579999923706055,4019.81005859375
2023-01-24,21.760000228881836,4016.949951171875
2023-01-25,21.969999313354492,4016.219970703125
2023-01-26,21.989999771118164,4060.429931640625
2023-01-27,21.68000030517578,4070.56005859375
2023-01-30,21.65999984741211,4017.77001953125
2023-01-31,21.829999923706055,4076.60009765625
2023-02-01,22.079999923706055,4119.2099609375
2023-02-02,21.56999969482422,4179.759765625
2023-02-03,20.56999969482422,4136.47998046875
2023-02-06,20.479999542236328,4111.080078125
2023-02-07,20.3799991607666,4164.0
2023-02-08,20.479999542236328,4117.85986328125
2023-02-09,20.18000030517578,4081.5
2023-02-10,20.239999771118164,4090.4599609375
2023-02-13,20.200000762939453,4137.2900390625
2023-02-14,20.1200008392334,4136.1298828125
2023-02-15,19.889999389648438,4147.60009765625
2023-02-16,19.84000015258789,4090.409912109375
2023-02-17,20.010000228881836,4079.090087890625
2023-02-21,20.06999969482422,3997.340087890625
2023-02-22,19.75,3991.050048828125
2023-02-23,19.6299991607666,4012.320068359375
2023-02-24,19.09000015258789,3970.0400390625
2023-02-27,18.93000030517578,3982.239990234375
2023-02-28,19.219999313354492,3970.14990234375
2023-03-01,19.290000915527344,3951.389892578125
2023-03-02,19.239999771118164,3981.35009765625
2023-03-03,19.549999237060547,4045.639892578125
2023-03-06,19.31999969482422,4048.419921875
2023-03-07,18.450000762939453,3986.3701171875
2023-03-08,18.399999618530273,3992.010009765625
2023-03-09,18.440000534057617,3918.320068359375
2023-03-10,18.860000610351562,3861.590087890625
2023-03-13,20.0,3855.760009765625
2023-03-14,19.889999389648438,3919.2900390625
2023-03-15,20.0,3891.929931640625
2023-03-16,19.920000076293945,3960.280029296875
2023-03-17,20.6299991607666,3916.639892578125
2023-03-20,20.690000534057617,3951.570068359375
2023-03-21,20.540000915527344,4002.8701171875
2023-03-22,21.100000381469727,3936.969970703125
2023-03-23,21.280000686645508,3948.719970703125
2023-03-24,21.219999313354492,3970.989990234375
2023-03-27,21.219999313354492,3977.530029296875
2023-03-28,21.43000030517578,3971.27001953125
2023-03-29,21.440000534057617,4027.81005859375
2023-03-30,21.940000534057617,4050.830078125
2023-03-31,22.1200008392334,4109.31005859375
2023-04-03,22.059999465942383,4124.509765625
2023-04-04,22.969999313354492,4100.60009765625
2023-04-05,22.940000534057617,4090.3798828125
2023-04-06,22.889999389648438,4105.02001953125
2023-04-10,22.8799991607666,4109.10986328125
2023-04-11,23.040000915527344,4108.93994140625
2023-04-12,23.43000030517578,4091.949951171875
2023-04-13,23.739999771118164,4146.22021484375
2023-04-14,23.309999465942383,4137.64013671875
2023-04-17,23.020000457763672,4151.31982421875
2023-04-18,23.149999618530273,4154.8701171875
2023-04-19,23.229999542236328,4154.52001953125
2023-04-20,23.170000076293945,4129.7900390625
2023-04-21,22.979999542236328,4133.52001953125
2023-04-24,23.079999923706055,4137.0400390625
2023-04-25,22.989999771118164,4071.6298828125
2023-04-26,22.829999923706055,4055.989990234375
2023-04-27,22.889999389648438,4135.35009765625
2023-04-28,23.0,4169.47998046875
2023-05-01,22.889999389648438,4167.8701171875
2023-05-02,23.350000381469727,4119.580078125
2023-05-03,23.43000030517578,4090.75
2023-05-04,23.940000534057617,4061.219970703125
2023-05-05,23.56999969482422,4136.25
2023-05-08,23.489999771118164,4138.1201171875
2023-05-09,23.479999542236328,4119.169921875
2023-05-10,23.309999465942383,4137.64013671875
2023-05-11,22.200000762939453,4130.6201171875
2023-05-12,22.020000457763672,4124.080078125
2023-05-15,22.100000381469727,4136.27978515625
2023-05-16,21.809999465942383,4109.89990234375
2023-05-17,21.81999969482422,4158.77001953125
2023-05-18,21.559999465942383,4198.0498046875
2023-05-19,21.860000610351562,4191.97998046875
2023-05-22,21.670000076293945,4192.6298828125
2023-05-23,21.510000228881836,4145.580078125
2023-05-24,21.15999984741211,4115.240234375
2023-05-25,20.860000610351562,4151.27978515625
2023-05-26,21.3799991607666,4205.4501953125
2023-05-30,21.299999237060547,4205.52001953125
2023-05-31,21.610000610351562,4179.830078125
2023-06-01,21.950000762939453,4221.02001953125
2023-06-02,21.690000534057617,4282.3701171875
2023-06-05,21.639999389648438,4273.7900390625
2023-06-06,21.649999618530273,4283.85009765625
2023-06-07,21.510000228881836,4267.52001953125
2023-06-08,22.299999237060547,4293.93017578125
2023-06-09,22.270000457763672,4298.85986328125
2023-06-12,22.079999923706055,4338.93017578125
2023-06-13,21.739999771118164,4369.009765625
2023-06-14,21.969999313354492,4372.58984375
2023-06-15,21.940000534057617,4425.83984375
2023-06-16,22.18000030517578,4409.58984375
2023-06-20,21.260000228881836,4388.7099609375
2023-06-21,20.84000015258789,4365.68994140625
2023-06-22,20.530000686645508,4381.89013671875
2023-06-23,20.579999923706055,4348.330078125
2023-06-26,20.899999618530273,4328.81982421875
2023-06-27,20.979999542236328,4378.41015625
2023-06-28,20.84000015258789,4376.85986328125
2023-06-29,20.719999313354492,4396.43994140625
2023-06-30,20.889999389648438,4450.3798828125
2023-07-03,21.010000228881836,4455.58984375
2023-07-05,21.209999084472656,4446.81982421875
2023-07-06,20.829999923706055,4411.58984375
2023-07-07,21.18000030517578,4398.9501953125
2023-07-10,21.239999771118164,4409.52978515625
2023-07-11,21.200000762939453,4439.259765625
2023-07-12,22.149999618530273,4472.16015625
2023-07-13,22.780000686645508,4510.0400390625
2023-07-14,22.860000610351562,4505.419921875
2023-07-17,22.790000915527344,4522.7900390625
2023-07-18,22.989999771118164,4554.97998046875
2023-07-19,23.100000381469727,4565.72021484375
2023-07-20,22.68000030517578,4534.8701171875
2023-07-21,22.56999969482422,4536.33984375
2023-07-24,22.329999923706055,4554.64013671875
2023-07-25,22.6200008392334,4567.4599609375
2023-07-26,22.90999984741211,4566.75
2023-07-27,22.110000610351562,4537.41015625
2023-07-28,22.31999969482422,4582.22998046875
2023-07-31,22.690000534057617,4588.9599609375
2023-08-01,22.290000915527344,4576.72998046875
2023-08-02,21.75,4513.39013671875
2023-08-03,21.6299991607666,4501.89013671875
2023-08-04,21.65999984741211,4478.02978515625
2023-08-07,21.209999084472656,4518.43994140625
2023-08-08,20.899999618530273,4499.3798828125
2023-08-09,20.799999237060547,4467.7099609375
2023-08-10,20.829999923706055,4468.830078125
2023-08-11,20.799999237060547,4464.0498046875
2023-08-14,20.719999313354492,4489.72021484375
2023-08-15,20.670000076293945,4437.85986328125
2023-08-16,20.559999465942383,4404.330078125
2023-08-17,20.799999237060547,4370.35986328125
2023-08-18,20.8700008392334,4369.7099609375
2023-08-21,21.360000610351562,4399.77001953125
2023-08-22,21.459999084472656,4387.5498046875
2023-08-23,22.290000915527344,4436.009765625
2023-08-24,22.110000610351562,4376.31005859375
2023-08-25,22.219999313354492,4405.7099609375
2023-08-28,22.219999313354492,4433.31005859375
2023-08-29,22.709999084472656,4497.6298828125
2023-08-30,22.56999969482422,4514.8701171875
2023-08-31,22.389999389648438,4507.66015625
2023-09-01,22.170000076293945,4515.77001953125
2023-09-05,21.59000015258789,4496.830078125
2023-09-06,21.239999771118164,4465.47998046875
2023-09-07,21.049999237060547,4451.14013671875
2023-09-08,21.010000228881836,4457.490234375
2023-09-11,21.15999984741211,4487.4599609375
2023-09-12,21.1299991607666,4461.89990234375
2023-09-13,20.93000030517578,4467.43994140625
2023-09-14,20.729999542236328,4505.10009765625
2023-09-15,21.110000610351562,4450.31982421875
2023-09-18,21.299999237060547,4453.52978515625
2023-09-19,21.270000457763672,4443.9501953125
2023-09-20,21.34000015258789,4402.2001953125
2023-09-21,21.440000534057617,4330.0
2023-09-22,21.579999923706055,4320.06005859375
2023-09-25,21.200000762939453,4337.43994140625
2023-09-26,20.959999084472656,4273.52978515625
2023-09-27,20.700000762939453,4274.509765625
2023-09-28,20.739999771118164,4299.7001953125
2023-09-29,20.34000015258789,4288.0498046875
2023-10-02,19.420000076293945,4288.39013671875
2023-10-03,19.440000534057617,4229.4501953125
2023-10-04,19.309999465942383,4263.75
2023-10-05,19.25,4258.18994140625
2023-10-06,19.729999542236328,4308.5
2023-10-09,20.059999465942383,4335.66015625
2023-10-10,19.979999542236328,4358.240234375
2023-10-11,20.18000030517578,4376.9501953125
2023-10-12,19.959999084472656,4349.60986328125
2023-10-13,20.780000686645508,4327.77978515625
2023-10-16,20.68000030517578,4373.6298828125
2023-10-17,20.920000076293945,4373.2001953125
2023-10-18,20.950000762939453,4314.60009765625
2023-10-19,21.110000610351562,4278.0
2023-10-20,21.399999618530273,4224.16015625
2023-10-23,21.049999237060547,4217.0400390625
2023-10-24,21.020000457763672,4247.68017578125
2023-10-25,20.940000534057617,4186.77001953125
2023-10-26,20.850000381469727,4137.22998046875
2023-10-27,21.18000030517578,4117.3701171875
2023-10-30,21.34000015258789,4166.81982421875
2023-10-31,20.979999542236328,4193.7998046875
2023-11-01,20.969999313354492,4237.85986328125
2023-11-02,20.8700008392334,4317.77978515625
2023-11-03,21.219999313354492,4358.33984375
2023-11-06,21.079999923706055,4365.97998046875
2023-11-07,20.729999542236328,4378.3798828125
2023-11-08,20.649999618530273,4382.77978515625
2023-11-09,20.690000534057617,4347.35009765625
2023-11-10,20.34000015258789,4415.240234375
2023-11-13,20.43000030517578,4411.5498046875
2023-11-14,21.170000076293945,4495.7001953125
2023-11-15,21.450000762939453,4502.8798828125
2023-11-16,21.760000228881836,4508.240234375
2023-11-17,21.75,4514.02001953125
2023-11-20,21.479999542236328,4547.3798828125
2023-11-21,21.770000457763672,4538.18994140625
2023-11-22,21.670000076293945,4556.6201171875
2023-11-24,22.270000457763672,4559.33984375
2023-11-27,22.559999465942383,4550.43017578125
2023-11-28,22.920000076293945,4554.89013671875
2023-11-29,22.8799991607666,4550.580078125
2023-11-30,23.1299991607666,4567.7998046875
2023-12-01,23.329999923706055,4594.6298828125
2023-12-04,22.459999084472656,4569.77978515625
2023-12-05,22.1200008392334,4567.18017578125
2023-12-06,21.93000030517578,4549.33984375
2023-12-07,21.790000915527344,4585.58984375
2023-12-08,21.100000381469727,4604.3701171875
2023-12-11,20.90999984741211,4622.43994140625
2023-12-12,20.84000015258789,4643.7001953125
2023-12-13,21.770000457763672,4707.08984375
2023-12-14,22.149999618530273,4719.5498046875
2023-12-15,21.829999923706055,4719.18994140625
2023-12-18,21.799999237060547,4740.56005859375
2023-12-19,22.030000686645508,4768.3701171875
2023-12-20,22.040000915527344,4698.35009765625
2023-12-21,22.309999465942383,4746.75
2023-12-22,22.1200008392334,4754.6298828125
2023-12-26,22.200000762939453,4774.75
2023-12-27,22.229999542236328,4781.580078125
2023-12-28,21.989999771118164,4783.35009765625
2023-12-29,21.780000686645508,4769.830078125
2024-01-02,21.649999618530273,4742.830078125
2024-01-03,21.059999465942383,4704.81005859375
2024-01-04,21.079999923706055,4688.68017578125
2024-01-05,21.209999084472656,4697.240234375
2024-01-08,21.1299991607666,4763.5400390625
2024-01-09,21.0,4756.5
2024-01-10,20.940000534057617,4783.4501953125
2024-01-11,20.81999969482422,4780.240234375
2024-01-12,21.190000534057617,4783.830078125
2024-01-16,20.959999084472656,4765.97998046875
2024-01-17,20.649999618530273,4739.2099609375
2024-01-18,20.809999465942383,4780.93994140625
2024-01-19,20.670000076293945,4839.81005859375
2024-01-22,20.219999313354492,4850.43017578125
2024-01-23,20.530000686645508,4864.60009765625
2024-01-24,20.709999084472656,4868.5498046875
2024-01-25,20.940000534057617,4894.16015625
2024-01-26,20.860000610351562,4890.97021484375
2024-01-29,21.209999084472656,4927.93017578125
2024-01-30,21.190000534057617,4924.97021484375
2024-01-31,20.90999984741211,4845.64990234375
2024-02-01,21.209999084472656,4906.18994140625
2024-02-02,20.75,4958.60986328125
2024-02-05,20.469999313354492,4942.81005859375
2024-02-06,20.510000228881836,4954.22998046875
2024-02-07,20.329999923706055,4995.06005859375
2024-02-08,20.649999618530273,4997.91015625
2024-02-09,20.68000030517578,5026.60986328125
2024-02-12,20.760000228881836,5021.83984375
2024-02-13,20.200000762939453,4953.169921875
2024-02-14,20.440000534057617,5000.6201171875
2024-02-15,20.940000534057617,5029.72998046875
2024-02-16,21.389999389648438,5005.56982421875
2024-02-20,21.06999969482422,4975.509765625
2024-02-21,20.959999084472656,4981.7998046875
2024-02-22,20.81999969482422,5087.02978515625
2024-02-23,20.989999771118164,5088.7998046875
2024-02-26,20.6200008392334,5069.52978515625
2024-02-27,20.56999969482422,5078.18017578125
2024-02-28,20.549999237060547,5069.759765625
2024-02-29,20.729999542236328,5096.27001953125
2024-03-01,21.170000076293945,5137.080078125
2024-03-04,21.860000610351562,5130.9501953125
2024-03-05,21.670000076293945,5078.64990234375
2024-03-06,22.100000381469727,5104.759765625
2024-03-07,22.239999771118164,5157.35986328125
2024-03-08,22.229999542236328,5123.68994140625
2024-03-11,22.350000381469727,5117.93994140625
2024-03-12,22.09000015258789,5175.27001953125
2024-03-13,22.790000915527344,5165.31005859375
2024-03-14,22.729999542236328,5150.47998046875
2024-03-15,23.030000686645508,5117.08984375
2024-03-18,22.90999984741211,5149.419921875
2024-03-19,22.790000915527344,5178.509765625
2024-03-20,23.290000915527344,5224.6201171875
2024-03-21,22.649999618530273,5241.52978515625
2024-03-22,22.559999465942383,5234.18017578125
2024-03-25,22.579999923706055,5218.18994140625
2024-03-26,22.34000015258789,5203.580078125
2024-03-27,22.510000228881836,5248.490234375
2024-03-28,22.75,5254.35009765625
2024-04-01,22.860000610351562,5243.77001953125
2024-04-02,23.84000015258789,5205.81005859375
2024-04-03,24.729999542236328,5211.490234375
2024-04-04,24.489999771118164,5147.2099609375
2024-04-05,25.030000686645508,5204.33984375
2024-04-08,25.399999618530273,5202.39013671875
2024-04-09,25.719999313354492,5209.91015625
2024-04-10,25.450000762939453,5160.64013671875
2024-04-11,26.010000228881836,5199.06005859375
2024-04-12,25.6299991607666,5123.41015625
2024-04-15,26.40999984741211,5061.81982421875
2024-04-16,25.799999237060547,5051.41015625
2024-04-17,25.850000381469727,5022.2099609375
2024-04-18,25.860000610351562,5011.1201171875
2024-04-19,26.200000762939453,4967.22998046875
2024-04-22,24.93000030517578,5010.60009765625
2024-04-23,24.989999771118164,5070.5498046875
2024-04-24,24.899999618530273,5071.6298828125
2024-04-25,25.059999465942383,5048.419921875
2024-04-26,24.889999389648438,5099.9599609375
2024-04-29,24.829999923706055,5116.169921875
2024-04-30,24.049999237060547,5035.68994140625
2024-05-01,24.270000457763672,5018.39013671875
2024-05-02,24.360000610351562,5064.2001953125
2024-05-03,24.219999313354492,5127.7900390625
2024-05-06,25.06999969482422,5180.740234375
2024-05-07,24.920000076293945,5187.7001953125
2024-05-08,24.950000762939453,5187.669921875
2024-05-09,25.860000610351562,5214.080078125
2024-05-10,25.770000457763672,5222.68017578125
2024-05-13,25.799999237060547,5221.419921875
2024-05-14,26.1299991607666,5246.68017578125
2024-05-15,27.1200008392334,5308.14990234375
2024-05-16,27.059999465942383,5297.10009765625
2024-05-17,28.790000915527344,5303.27001953125
2024-05-20,28.979999542236328,5308.1298828125
2024-05-21,29.270000457763672,5321.41015625
2024-05-22,28.219999313354492,5307.009765625
2024-05-23,27.549999237060547,5267.83984375
2024-05-24,27.739999771118164,5304.72021484375
2024-05-28,29.239999771118164,5306.0400390625
2024-05-29,29.170000076293945,5266.9501953125
2024-05-30,28.420000076293945,5235.47998046875
2024-05-31,27.760000228881836,5277.509765625
2024-06-03,27.889999389648438,5283.39990234375
2024-06-04,27.020000457763672,5291.33984375
2024-06-05,27.399999618530273,5354.02978515625
2024-06-06,28.530000686645508,5352.9599609375
2024-06-07,26.670000076293945,5346.990234375
2024-06-10,27.1200008392334,5360.7900390625
2024-06-11,26.709999084472656,5375.31982421875
2024-06-12,27.030000686645508,5421.02978515625
2024-06-13,26.43000030517578,5433.740234375
2024-06-14,27.010000228881836,5431.60009765625
2024-06-17,26.920000076293945,5473.22998046875
2024-06-18,26.959999084472656,5487.02978515625
2024-06-20,28.0,5473.169921875
2024-06-21,26.979999542236328,5464.6201171875
2024-06-24,27.0,5447.8701171875
2024-06-25,26.399999618530273,5469.2998046875
2024-06-26,26.309999465942383,5477.89990234375
2024-06-27,26.450000762939453,5482.8701171875
2024-06-28,26.56999969482422,5460.47998046875
2024-07-01,26.850000381469727,5475.08984375
2024-07-02,26.969999313354492,5509.009765625
2024-07-03,27.84000015258789,5537.02001953125
2024-07-05,28.479999542236328,5567.18994140625
2024-07-08,28.1299991607666,5572.85009765625
2024-07-09,28.1200008392334,5576.97998046875
2024-07-10,28.15999984741211,5633.91015625
2024-07-11,28.68000030517578,5584.5400390625
2024-07-12,28.1200008392334,5615.35009765625
2024-07-15,28.030000686645508,5631.22021484375
2024-07-16,28.610000610351562,5667.2001953125
2024-07-17,27.670000076293945,5588.27001953125
2024-07-18,27.200000762939453,5544.58984375
2024-07-19,26.690000534057617,5505.0
2024-07-22,26.6299991607666,5564.41015625
2024-07-23,26.68000030517578,5555.740234375
2024-07-24,26.43000030517578,5427.1298828125
2024-07-25,25.40999984741211,5399.22021484375
2024-07-26,25.479999542236328,5459.10009765625
2024-07-29,25.440000534057617,5463.5400390625
2024-07-30,25.829999923706055,5436.43994140625
2024-07-31,26.389999389648438,5522.2998046875
2024-08-01,26.030000686645508,5446.68017578125
2024-08-02,26.040000915527344,5346.56005859375
2024-08-05,24.860000610351562,5186.330078125
2024-08-06,24.639999389648438,5240.02978515625
2024-08-07,24.329999923706055,5199.5
2024-08-08,25.010000228881836,5319.31005859375
2024-08-09,25.0,5344.16015625
2024-08-12,25.489999771118164,5344.39013671875
2024-08-13,25.420000076293945,5434.43017578125
2024-08-14,25.1299991607666,5455.2099609375
2024-08-15,25.860000610351562,5543.22021484375
2024-08-16,26.43000030517578,5554.25
2024-08-19,26.829999923706055,5608.25
2024-08-20,26.8700008392334,5597.1201171875
2024-08-21,26.950000762939453,5620.85009765625
2024-08-22,26.389999389648438,5570.64013671875
2024-08-23,27.200000762939453,5634.60986328125
2024-08-26,27.31999969482422,5616.83984375
2024-08-27,27.360000610351562,5625.7998046875
2024-08-28,26.690000534057617,5592.18017578125
2024-08-29,26.809999465942383,5591.9599609375
2024-08-30,26.350000381469727,5648.39990234375
2024-09-03,25.579999923706055,5528.93017578125
2024-09-04,25.68000030517578,5520.06982421875
2024-09-05,26.229999542236328,5503.41015625
2024-09-06,25.479999542236328,5408.419921875
2024-09-09,25.850000381469727,5471.0498046875
2024-09-10,25.940000534057617,5495.52001953125
2024-09-11,26.1200008392334,5554.1298828125
2024-09-12,27.270000457763672,5595.759765625
2024-09-13,28.020000457763672,5626.02001953125
2024-09-16,28.06999969482422,5633.08984375
2024-09-17,27.959999084472656,5634.580078125
2024-09-18,27.239999771118164,5618.259765625
2024-09-19,28.09000015258789,5713.64013671875
2024-09-20,28.40999984741211,5702.5498046875
2024-09-23,27.979999542236328,5718.56982421875
2024-09-24,29.3799991607666,5732.93017578125
2024-09-25,29.059999465942383,5722.259765625
2024-09-26,29.260000228881836,5745.3701171875
2024-09-27,28.860000610351562,5738.169921875
2024-09-30,28.40999984741211,5762.47998046875
2024-10-01,28.579999923706055,5708.75
2024-10-02,29.0,5709.5400390625
2024-10-03,29.229999542236328,5699.93994140625
2024-10-04,29.360000610351562,5751.06982421875
2024-10-07,28.93000030517578,5695.93994140625
2024-10-08,28.010000228881836,5751.1298828125
2024-10-09,27.860000610351562,5792.0400390625
2024-10-10,28.3799991607666,5780.0498046875
2024-10-11,28.799999237060547,5815.02978515625
2024-10-14,28.540000915527344,5859.85009765625
2024-10-15,28.709999084472656,5815.259765625
2024-10-16,28.90999984741211,5842.47021484375
2024-10-17,28.889999389648438,5841.47021484375
2024-10-18,30.639999389648438,5864.669921875
2024-10-21,30.850000381469727,5853.97998046875
2024-10-22,31.739999771118164,5851.2001953125
2024-10-23,30.709999084472656,5797.419921875
2024-10-24,30.690000534057617,5809.85986328125
2024-10-25,30.6299991607666,5808.1201171875
2024-10-28,30.729999542236328,5823.52001953125
2024-10-29,31.389999389648438,5832.919921875
2024-10-30,30.809999465942383,5813.669921875
2024-10-31,29.809999465942383,5705.4501953125
2024-11-01,29.540000915527344,5728.7998046875
2024-11-04,29.6299991607666,5712.68994140625
2024-11-05,29.75,5782.759765625
2024-11-06,28.43000030517578,5929.0400390625
2024-11-07,29.110000610351562,5973.10009765625
2024-11-08,28.479999542236328,5995.5400390625
2024-11-11,27.969999313354492,6001.35009765625
2024-11-12,28.06999969482422,5983.990234375
2024-11-13,27.610000610351562,5985.3798828125
2024-11-14,27.809999465942383,5949.169921875
2024-11-15,27.56999969482422,5870.6201171875
2024-11-18,28.3799991607666,5893.6201171875
2024-11-19,28.5,5916.97998046875
2024-11-20,28.100000381469727,5917.10986328125
2024-11-21,28.040000915527344,5948.7099609375
2024-11-22,28.469999313354492,5969.33984375
2024-11-25,27.6299991607666,5987.3701171875
2024-11-26,27.799999237060547,6021.6298828125
2024-11-27,27.450000762939453,5998.740234375
2024-11-29,27.920000076293945,6032.3798828125
2024-12-02,27.790000915527344,6047.14990234375
2024-12-03,28.280000686645508,6049.8798828125
2024-12-04,28.530000686645508,6086.490234375
2024-12-05,28.559999465942383,6075.10986328125
2024-12-06,28.25,6090.27001953125
2024-12-09,28.979999542236328,6052.85009765625
2024-12-10,28.989999771118164,6034.91015625
2024-12-11,29.040000915527344,6084.18994140625
2024-12-12,28.200000762939453,6051.25
2024-12-13,27.75,6051.08984375
2024-12-16,27.799999237060547,6074.080078125
2024-12-17,27.809999465942383,6050.60986328125
2024-12-18,26.850000381469727,5872.16015625
2024-12-19,26.520000457763672,5867.080078125
2024-12-20,26.920000076293945,5930.85009765625
2024-12-23,26.989999771118164,5974.06982421875
2024-12-24,27.020000457763672,6040.0400390625
2024-12-26,27.139999389648438,6037.58984375
2024-12-27,26.760000228881836,5970.83984375
2024-12-30,26.43000030517578,5906.93994140625
2024-12-31,26.329999923706055,5881.6298828125
