Date,Gold_Price,Crude_Oil,Inflation,Interest_Rate,USD_EUR,SLV,^GSPC,sent_enc,increase_ind
2023-01-03,0.030398111504357395,0.43504531722054374,0.0,0.0,0.23476297968397408,0.27361316167767724,0.007028308789862936,2,0
2023-01-04,0.04845756995166817,0.43504531722054374,0.0,0.0,0.3036117381489851,0.26161917025474124,0.019661057056614917,2,1
2023-01-05,0.024340979444877897,0.43504531722054374,0.0,0.0,0.19300225733634413,0.22413791131315108,0.0,2,-1
2023-01-06,0.06012339851167314,0.43504531722054374,0.0,0.0,0.3024830699774279,0.26386809726391247,0.03811284148258698,2,1
2023-01-09,0.06449804143202265,0.43504531722054374,0.0,0.0,0.4604966139954878,0.250374821168195,0.036802689155314816,0,1
2023-01-10,0.07167694702332916,0.43504531722054374,0.0,0.0,0.4356659142212218,0.24962517883180457,0.048703604967517244,0,1
2023-01-11,0.07033078455341485,0.43504531722054374,0.0,0.0,0.43905191873589167,0.23613190273608708,0.07077036999634567,0,-1
2023-01-12,0.0929892748591622,0.43504531722054374,0.0,0.0,0.5327313769751714,0.2608695279183505,0.07671200226620922,0,1
2023-01-13,0.11676936753812633,0.43504531722054374,0.0,0.0,0.5191873589164786,0.29460271815764394,0.08368789212569228,1,1
2023-01-17,0.10364543877707866,0.43504531722054374,0.0,0.0,0.4988713318284408,0.2706147353117716,0.0801298235043918,2,-1
2023-01-18,0.0979248045454249,0.43504531722054374,0.0,0.0,0.5372460496613993,0.23763118740886824,0.052914556715571104,2,-1
2023-01-19,0.12944468958160965,0.43504531722054374,0.0,0.0,0.5180586907449201,0.26686652362981855,0.03976478663141825,2,1
2023-01-20,0.12271439070786738,0.43504531722054374,0.0,0.0,0.5417607223476304,0.27136437764816157,0.07208490839738413,2,-1
2023-01-23,0.12652831802091363,0.43504531722054374,0.0,0.0,0.5801354401805889,0.23838082974525832,0.09276695784491029,1,1
2023-01-24,0.1338193325019591,0.43504531722054374,0.0,0.0,0.589164785553048,0.25187410584097647,0.09151371749919324,1,1
2023-01-25,0.1431295051085713,0.43504531722054374,0.0,0.0,0.6207674943566617,0.26761616596620896,0.09119385504646682,1,1
2023-01-26,0.1247335488334343,0.43504531722054374,0.0,0.0,0.5812641083521446,0.2691154506389901,0.11056575216672027,1,-1
2023-01-27,0.12192928616247689,0.43504531722054374,0.0,0.0,0.571106094808127,0.24587711012950775,0.11500456579581364,1,-1
2023-01-30,0.11676936753812633,0.43504531722054374,0.0,0.0,0.5823927765237031,0.24437782545672704,0.0918730546158184,1,-1
2023-01-31,0.12406055317778214,0.43504531722054374,0.0,0.0,0.5722347629796853,0.25712145921605345,0.11765118689295662,1,1
2023-02-01,0.14941102610613832,0.43957703927492453,0.05948562430745907,0.2400000000000002,0.6388261851015795,0.2758620886868488,0.13632195407502634,1,1
2023-02-02,0.10712269710368816,0.43957703927492453,0.05948562430745907,0.2400000000000002,0.6399548532731381,0.23763118740886824,0.16285363522072882,1,-1
2023-02-03,0.057319135840715685,0.43957703927492453,0.05948562430745907,0.2400000000000002,0.5349887133182853,0.1626686695256876,0.14388932202853122,1,-1
2023-02-06,0.061357280933238945,0.43957703927492453,0.05948562430745907,0.2400000000000002,0.41873589164785674,0.1559220314778289,0.13275960635736794,0,1
2023-02-07,0.06315187896210789,0.43957703927492453,0.05948562430745907,0.2400000000000002,0.39954853273137747,0.14842575109357947,0.1559480295189185,0,1
2023-02-08,0.06797529975863215,0.43957703927492453,0.05948562430745907,0.2400000000000002,0.4322799097065466,0.1559220314778289,0.13573036900359536,0,1
2023-02-09,0.05249571504419143,0.43957703927492453,0.05948562430745907,0.2400000000000002,0.4627539503386018,0.13343333330473706,0.11979822349035607,0,-1
2023-02-10,0.05619736230888839,0.43957703927492453,0.05948562430745907,0.2400000000000002,0.3600451467268617,0.1379310443434243,0.12372429439840604,1,1
2023-02-13,0.04632630293636292,0.43957703927492453,0.05948562430745907,0.2400000000000002,0.4142212189616259,0.1349326179775182,0.14424427307138987,2,-1
2023-02-14,0.047784574296016125,0.43957703927492453,0.05948562430745907,0.2400000000000002,0.41873589164785674,0.12893562226604993,0.14373591642411332,2,1
2023-02-15,0.028491233427139606,0.43957703927492453,0.05948562430745907,0.2400000000000002,0.3747178329571115,0.11169413448838017,0.1487619290508706,2,-1
2023-02-16,0.026920853177747894,0.43957703927492453,0.05948562430745907,0.2400000000000002,0.3758465011286687,0.10794606578608335,0.1237023640295738,1,-1
2023-02-17,0.03264148740940159,0.43957703927492453,0.05948562430745907,0.2400000000000002,0.36907449209932475,0.12068969954541042,0.11874224948672252,1,1
2023-02-21,0.025462581818094687,0.43957703927492453,0.05948562430745907,0.2400000000000002,0.34537246049661596,0.12518741058409733,0.0829210780584202,0,-1
2023-02-22,0.014694309010439666,0.43957703927492453,0.05948562430745907,0.2400000000000002,0.30699774266365765,0.10119942773822466,0.0801649120945237,2,-1
2023-02-23,0.01368481552696138,0.43957703927492453,0.05948562430745907,0.2400000000000002,0.26185101580135517,0.0922038626811944,0.08948499791608011,2,-1
2023-02-24,0.0,0.43957703927492453,0.05948562430745907,0.2400000000000002,0.21896162528216712,0.051724177373697944,0.07095875721348666,2,-1
2023-02-27,0.007403123370783915,0.43957703927492453,0.05948562430745907,0.2400000000000002,0.2765237020316038,0.0397301859507615,0.07630452531556198,1,1
2023-02-28,0.016040300321743917,0.43957703927492453,0.05948562430745907,0.2400000000000002,0.28329571106094886,0.06146924178746249,0.07100689704750918,2,1
2023-03-01,0.0270329620674864,0.23011077542799585,0.06922493730681545,0.3200000000000003,0.36455981941309257,0.06671673814219647,0.06278664596725114,2,1
2023-03-02,0.025911359694269498,0.23011077542799585,0.06922493730681545,0.3200000000000003,0.2753950338600468,0.06296852646024376,0.07591459265998046,2,-1
2023-03-03,0.046438582984711874,0.23011077542799585,0.06922493730681545,0.3200000000000003,0.2990970654627556,0.08620686696972601,0.10408506073321444,2,1
2023-03-06,0.03667963250192474,0.23011077542799585,0.06922493730681545,0.3200000000000003,0.38713318284424325,0.06896552217171203,0.10530321248879959,1,-1
2023-03-07,0.0030284804504346896,0.23011077542799585,0.06922493730681545,0.3200000000000003,0.25056433408577794,0.0037482116819522737,0.078114262142578,1,-1
2023-03-08,0.002131095856695131,0.23011077542799585,0.06922493730681545,0.3200000000000003,0.22347629796839685,0.0,0.08058554726647038,1,-1
2023-03-09,0.02075144106991933,0.23011077542799585,0.06922493730681545,0.3200000000000003,0.25507900677201034,0.0029985693455616413,0.04829612801686989,1,1
2023-03-10,0.0619179965405422,0.23011077542799585,0.06922493730681545,0.3200000000000003,0.34762979683973017,0.03448283257568341,0.023438215411422214,2,1
2023-03-13,0.10667409038612347,0.23011077542799585,0.06922493730681545,0.3200000000000003,0.4311512415349881,0.11994005720901968,0.020883594885966472,0,1
2023-03-14,0.09512054187446745,0.23011077542799585,0.06922493730681545,0.3200000000000003,0.41873589164785674,0.11169413448838017,0.048721149262583086,0,-1
2023-03-15,0.11060012658890822,0.23011077542799585,0.06922493730681545,0.3200000000000003,0.20767494356659255,0.11994005720901968,0.03673251197505134,0,1
2023-03-16,0.11463827168143143,0.23011077542799585,0.06922493730681545,0.3200000000000003,0.30586907449210066,0.11394306149755151,0.06668212133634466,0,1
2023-03-17,0.1729669010056249,0.23011077542799585,0.06922493730681545,0.3200000000000003,0.33408577878103873,0.16716638056437472,0.04755990948855382,0,1
2023-03-20,0.1737520055510164,0.23011077542799585,0.06922493730681545,0.3200000000000003,0.41873589164785674,0.17166423458271785,0.0628655952950481,2,1
2023-03-21,0.13482882598543716,0.23011077542799585,0.06922493730681545,0.3200000000000003,0.4717832957110608,0.16041988549617192,0.08534422334829017,2,-1
2023-03-22,0.1692652537409282,0.23011077542799585,0.06922493730681545,0.3200000000000003,0.49774266365688513,0.2023988554764493,0.05646813228569658,2,1
2023-03-24,0.1716207385357112,0.23011077542799585,0.06922493730681545,0.3200000000000003,0.4638826185101601,0.21139427755382334,0.07137500631166727,0,1
2023-03-27,0.15255178660492164,0.23011077542799585,0.06922493730681545,0.3200000000000003,0.49435665914221283,0.21139427755382334,0.07424071714231684,0,-1
2023-03-28,0.1692652537409282,0.23011077542799585,0.06922493730681545,0.3200000000000003,0.5564334085778786,0.22713648065871272,0.07149770939971978,1,1
2023-03-29,0.1590576965405764,0.23011077542799585,0.06922493730681545,0.3200000000000003,0.5361173814898437,0.22788612299510347,0.09627239358101325,1,-1
2023-03-30,0.17756576170545185,0.23011077542799585,0.06922493730681545,0.3200000000000003,0.6185101580135446,0.2653673819366936,0.10635929346984241,1,1
2023-03-31,0.1667974888977966,0.23011077542799585,0.06922493730681545,0.3200000000000003,0.5880361173814896,0.2788606580324111,0.1319840201425625,1,-1
2023-04-03,0.18160390679797506,0.5427995971802613,0.14008281332011308,0.5000000000000009,0.6094808126410831,0.274362804014068,0.13864421966826745,2,1
2023-04-04,0.22019058853572765,0.5427995971802613,0.14008281332011308,0.5000000000000009,0.6772009029345383,0.3425786838493893,0.1281674941012656,2,1
2023-04-05,0.2185080993965975,0.5427995971802613,0.14008281332011308,0.5000000000000009,0.6399548532731381,0.34032989981987427,0.12368920580827436,2,-1
2023-04-06,0.2034772925583322,0.5427995971802613,0.14008281332011308,0.5000000000000009,0.6501128668171556,0.33658168813792155,0.13010421311269182,2,-1
2023-04-10,0.18799770784389142,0.5427995971802613,0.14008281332011308,0.5000000000000009,0.5519187358916506,0.3358320458015308,0.13189629866723263,1,-1
2023-04-11,0.2011216366049388,0.5427995971802613,0.14008281332011308,0.5000000000000009,0.6264108352144482,0.34782618020412337,0.13182184239061157,2,1
2023-04-12,0.21132919380529064,0.5427995971802613,0.14008281332011308,0.5000000000000009,0.717832957110611,0.3770615164250737,0.12437717752515876,2,1
2023-04-13,0.23970831834269185,0.5427995971802613,0.14008281332011308,0.5000000000000009,0.7934537246049669,0.40029985693455594,0.14815729273554912,2,1
2023-04-14,0.20201902119867904,0.5427995971802613,0.14008281332011308,0.5000000000000009,0.7099322799097076,0.36806595136804343,0.1443976786758081,2,-1
2023-04-17,0.19270884859206644,0.5427995971802613,0.14008281332011308,0.5000000000000009,0.6365688487584658,0.3463268955313422,0.1503918368534608,2,-1
2023-04-18,0.20078513877711285,0.5427995971802613,0.14008281332011308,0.5000000000000009,0.6851015801354416,0.35607195994510743,0.15194750233424703,2,1
2023-04-19,0.19080197051484887,0.5427995971802613,0.14008281332011308,0.5000000000000009,0.6794582392776523,0.3620689556565754,0.15179409672982902,1,-1
2023-04-20,0.19899036958963384,0.5427995971802613,0.14008281332011308,0.5000000000000009,0.6986455981941317,0.35757124461788814,0.1409579270687934,1,1
2023-04-21,0.17835103740945307,0.5427995971802613,0.14008281332011308,0.5000000000000009,0.7020316027088043,0.34332832618578035,0.1425923279225586,1,-1
2023-04-24,0.18463255840701936,0.5427995971802613,0.14008281332011308,0.5000000000000009,0.7629796839729117,0.3508246065700291,0.1441347282046367,0,1
2023-04-25,0.19517661343519804,0.5427995971802613,0.14008281332011308,0.5000000000000009,0.6963882618510175,0.34407796852217076,0.11547334080178295,1,1
2023-04-26,0.18384745386162965,0.5427995971802613,0.14008281332011308,0.5000000000000009,0.7911963882618502,0.332083977099234,0.10862026100776156,1,-1
2023-04-27,0.18395956275136788,0.5427995971802613,0.14008281332011308,0.5000000000000009,0.751693002257336,0.33658168813792155,0.14339423057996314,1,1
2023-04-28,0.18452044951728158,0.5427995971802613,0.14008281332011308,0.5000000000000009,0.7776523702031628,0.34482761085856106,0.15834924443995624,1,1
2023-05-01,0.17521027691066932,0.08106747230614353,0.16679302501895021,0.7299999999999995,0.6986455981941317,0.33658168813792155,0.15764383540541438,0,-1
2023-05-02,0.21503084106998765,0.08106747230614353,0.16679302501895021,0.7299999999999995,0.7291196388261842,0.37106452071360563,0.13648413182697738,0,1
2023-05-03,0.2328659105792113,0.08106747230614353,0.16679302501895021,0.7299999999999995,0.7878103837471777,0.3770615164250737,0.1238513835602254,0,1
2023-05-04,0.24778460852773815,0.08106747230614353,0.16679302501895021,0.7299999999999995,0.7426636568848768,0.4152924177030546,0.11091193106204622,0,1
2023-05-05,0.21435784541433583,0.08106747230614353,0.16679302501895021,0.7299999999999995,0.7618510158013561,0.3875562231752292,0.14378854930931106,2,-1
2023-05-08,0.2169377191472059,0.08106747230614353,0.16679302501895021,0.7299999999999995,0.755079006772011,0.3815592274637608,0.14460799626178134,0,1
2023-05-09,0.23185641709573263,0.08106747230614353,0.16679302501895021,0.7299999999999995,0.6794582392776523,0.3808095851273705,0.1363044097799604,1,1
2023-05-10,0.22882776548668776,0.08106747230614353,0.16679302501895021,0.7299999999999995,0.6941309255079009,0.36806595136804343,0.1443976786758081,1,-1
2023-05-11,0.21065619814963837,0.08106747230614353,0.16679302501895021,0.7299999999999995,0.6376975169300212,0.28485765374387906,0.14132165025918497,1,-1
2023-05-12,0.20706665977467936,0.08106747230614353,0.16679302501895021,0.7299999999999995,0.5699774266365685,0.27136437764816157,0.1384559394285353,1,-1
2023-05-15,0.21155358274337838,0.08106747230614353,0.16679302501895021,0.7299999999999995,0.5902934537246036,0.27736137335962996,0.14380160055320168,2,1
2023-05-16,0.18530555406267207,0.08106747230614353,0.16679302501895021,0.7299999999999995,0.5812641083521446,0.25562217454327263,0.13224247756255814,2,-1
2023-05-17,0.1781266484713649,0.08106747230614353,0.16679302501895021,0.7299999999999995,0.5406320541760721,0.2563718168796634,0.15365635946463374,2,-1
2023-05-18,0.15131790418335656,0.08106747230614353,0.16679302501895021,0.7299999999999995,0.4796839729119644,0.2368815450724775,0.17086795478877959,2,-1
2023-05-19,0.17150862964597208,0.08106747230614353,0.16679302501895021,0.7299999999999995,0.5282167042889403,0.25937038622522524,0.16820828244774577,1,1
2023-05-22,0.16668538000805816,0.08106747230614353,0.16679302501895021,0.7299999999999995,0.5135440180586921,0.24512746779311745,0.1684930563103405,2,-1
2023-05-23,0.16915297369257926,0.08106747230614353,0.16679302501895021,0.7299999999999995,0.474040632054175,0.23313347637018145,0.14787679796931197,2,1
2023-05-24,0.15255178660492164,0.08106747230614353,0.16679302501895021,0.7299999999999995,0.4593679458239295,0.20689656651513655,0.13458250140568295,2,-1
2023-05-25,0.13292194790821915,0.08106747230614353,0.16679302501895021,0.7299999999999995,0.42212189616252904,0.1844078683420446,0.15037429255839474,0,-1
2023-05-26,0.14099823809326562,0.08106747230614353,0.16679302501895021,0.7299999999999995,0.4085778781038363,0.22338826897676,0.17411065400852932,0,1
2023-05-30,0.15356128008840003,0.08106747230614353,0.16679302501895021,0.7299999999999995,0.41873589164785674,0.21739127326529206,0.17414124954748578,2,1
2023-05-31,0.15670221174579385,0.08106747230614353,0.16679302501895021,0.7299999999999995,0.341986455981941,0.24062975675442988,0.16288444471450303,1,1
2023-06-01,0.17285462095727716,0.04934541792547886,0.2124569895608559,0.7500000000000009,0.45259593679458177,0.26611702427308404,0.1809330312861852,1,1
2023-06-02,0.14245650945291888,0.04934541792547886,0.2124569895608559,0.7500000000000009,0.4209932279909707,0.2466267524658985,0.20781538437838865,0,-1
2023-06-05,0.15468305362022733,0.04934541792547886,0.2124569895608559,0.7500000000000009,0.4176072234762982,0.24287854078394622,0.2040557703186473,2,1
2023-06-06,0.15692642952527142,0.04934541792547886,0.2124569895608559,0.7500000000000009,0.38826185101580024,0.24362818312033663,0.20846388143137495,1,1
2023-06-07,0.1323610611423061,0.04934541792547886,0.2124569895608559,0.7500000000000009,0.3961625282167047,0.23313347637018145,0.20130837650228406,1,-1
2023-06-08,0.1590576965405764,0.04934541792547886,0.2124569895608559,0.7500000000000009,0.48419864559819503,0.2923537911484724,0.21288076469163575,0,1
2023-06-09,0.15356128008840003,0.04934541792547886,0.2124569895608559,0.7500000000000009,0.449209932279909,0.29010500711895704,0.21504085253292538,0,-1
2023-06-12,0.1517666820595311,0.04934541792547886,0.2124569895608559,0.7500000000000009,0.44695259593679504,0.2758620886868488,0.23259884070721504,2,-1
2023-06-13,0.13673570406265495,0.04934541792547886,0.2124569895608559,0.7500000000000009,0.49774266365688513,0.250374821168195,0.2457790993529152,2,-1
2023-06-14,0.1378574775944823,0.04934541792547886,0.2124569895608559,0.7500000000000009,0.5733634311512439,0.26761616596620896,0.24734781607759193,2,1
2023-06-15,0.15210317988735644,0.04934541792547886,0.2124569895608559,0.7500000000000009,0.6568848758465007,0.2653673819366936,0.2706808726960276,2,1
2023-06-16,0.14896241938857363,0.04934541792547886,0.2124569895608559,0.7500000000000009,0.6478555304740417,0.28335836907109824,0.2635604563570686,2,-1
2023-06-20,0.12787430933221788,0.04934541792547886,0.2124569895608559,0.7500000000000009,0.6196388261851031,0.21439284689938587,0.25441132043499604,0,-1
2023-06-21,0.12495793777152164,0.04934541792547886,0.2124569895608559,0.7500000000000009,0.6772009029345383,0.18290858366926388,0.244324420546167,0,-1
2023-06-22,0.10499160124699336,0.04934541792547886,0.2124569895608559,0.7500000000000009,0.6794582392776523,0.15967024315978162,0.25142301349370266,2,-1
2023-06-23,0.11048784654055932,0.04934541792547886,0.2124569895608559,0.7500000000000009,0.6049661399548547,0.163418311862078,0.2367176849061725,2,1
2023-06-26,0.11396510486716893,0.04934541792547886,0.2124569895608559,0.7500000000000009,0.6309255079006761,0.18740629470795134,0.2281686922482461,2,1
2023-06-27,0.10476721230890562,0.04934541792547886,0.2124569895608559,0.7500000000000009,0.6884875846501142,0.19340329041941906,0.24989815750669064,2,-1
2023-06-28,0.10016818045046905,0.04934541792547886,0.2124569895608559,0.7500000000000009,0.624153498871334,0.18290858366926388,0.2492188509599298,1,-1
2023-06-29,0.09803691343516369,0.04934541792547886,0.2124569895608559,0.7500000000000009,0.5981941309255097,0.17391301861223318,0.2577984391568128,1,-1
2023-06-30,0.11127312224456037,0.04934541792547886,0.2124569895608559,0.7500000000000009,0.6422121896162549,0.1866566523715606,0.2814338139329091,0,1
2023-07-03,0.11351649814960413,0.3147029204431018,0.2425497171516886,0.7900000000000009,0.6410835214446966,0.19565221742859085,0.28371671183966063,2,1
2023-07-05,0.10644970144803612,0.3147029204431018,0.2425497171516886,0.7900000000000009,0.5835214446952612,0.21064463521743326,0.2798738693557652,2,-1
2023-07-06,0.1005046782782949,0.3147029204431018,0.2425497171516886,0.7900000000000009,0.589164785553048,0.18215894133287314,0.2644368152910943,1,-1
2023-07-07,0.11542337622682208,0.3147029204431018,0.2425497171516886,0.7900000000000009,0.6918735891647867,0.2083958511879177,0.2588983808755203,1,1
2023-07-10,0.11699375647621407,0.3147029204431018,0.2425497171516886,0.7900000000000009,0.7223476297968392,0.21289356222660483,0.2635341399144694,0,1
2023-07-11,0.12450915989534689,0.3147029204431018,0.2425497171516886,0.7900000000000009,0.7234762979683975,0.20989513586069874,0.2765612069105696,0,1
2023-07-12,0.1517666820595311,0.3147029204431018,0.2425497171516886,0.7900000000000009,0.8713318284424398,0.2811094420619268,0.29097748253914735,1,1
2023-07-13,0.15322478226057468,0.3147029204431018,0.2425497171516886,0.7900000000000009,0.9514672686230241,0.3283359083969376,0.3075756694004387,1,1
2023-07-14,0.14671887232491937,0.3147029204431018,0.2425497171516886,0.7900000000000009,1.0,0.33433290410840555,0.3055512289136829,2,-1
2023-07-17,0.1481771436845719,0.3147029204431018,0.2425497171516886,0.7900000000000009,0.9988713318284417,0.32908555073332835,0.31316245760485295,2,1
2023-07-18,0.17150862964597208,0.3147029204431018,0.2425497171516886,0.7900000000000009,0.9841986455981959,0.34407796852217076,0.3272674289734193,0,1
2023-07-19,0.17184512747379815,0.3147029204431018,0.2425497171516886,0.7900000000000009,0.9525959367945824,0.3523238912428106,0.33197357914744996,0,1
2023-07-20,0.16141335249396954,0.3147029204431018,0.2425497171516886,0.7900000000000009,0.8848758465011297,0.3208396280126884,0.31845569979913957,2,-1
2023-07-21,0.15513166033779163,0.3147029204431018,0.2425497171516886,0.7900000000000009,0.8679458239277673,0.31259370529204855,0.3190997038009503,2,-1
2023-07-24,0.1463823744970934,0.3147029204431018,0.2425497171516886,0.7900000000000009,0.8261851015801362,0.29460271815764394,0.32711851642017653,2,-1
2023-07-25,0.15771170522927164,0.3147029204431018,0.2425497171516886,0.7900000000000009,0.788939051918736,0.31634191697400127,0.33273590016354715,2,1
2023-07-26,0.1676948734915366,0.3147029204431018,0.2425497171516886,0.7900000000000009,0.8205417607223469,0.3380809728107024,0.33242480985835365,2,1
2023-07-27,0.1353897127513507,0.3147029204431018,0.2425497171516886,0.7900000000000009,0.7302483069977452,0.27811101569602037,0.3195686927617375,2,-1
2023-07-28,0.1515422931214439,0.3147029204431018,0.2425497171516886,0.7900000000000009,0.7765237020316045,0.29385307582125353,0.33920781944952016,2,1
2023-07-31,0.15703870957361982,0.3147029204431018,0.2425497171516886,0.7900000000000009,0.755079006772011,0.3215892703490788,0.3421567587043238,1,1
2023-08-01,0.13583849062752562,0.6188318227593155,0.33136991893625467,1.0,0.6997742663656874,0.29160429179173786,0.3367978323809492,2,-1
2023-08-02,0.12619182019308745,0.6188318227593155,0.33136991893625467,1.0,0.6636568848758482,0.2511244635045857,0.3090436134058955,2,-1
2023-08-03,0.12551865337882517,0.6188318227593155,0.33136991893625467,1.0,0.6726862302483072,0.24212889844755547,0.3040045495352476,2,-1
2023-08-04,0.1328098390184807,0.6188318227593155,0.33136991893625467,1.0,0.7731376975169293,0.24437782545672704,0.2935494334048513,2,1
2023-08-07,0.1282108071600439,0.6188318227593155,0.33136991893625467,1.0,0.7325056433408594,0.21064463521743326,0.3112563341323834,1,-1
2023-08-08,0.11542337622682208,0.6188318227593155,0.33136991893625467,1.0,0.6772009029345383,0.18740629470795134,0.30290460781654005,1,-1
2023-08-09,0.10588881468212241,0.6188318227593155,0.33136991893625467,1.0,0.7042889390519183,0.17991001432370157,0.2890274983290131,1,-1
2023-08-10,0.10375771882542761,0.6188318227593155,0.33136991893625467,1.0,0.7505643340857775,0.18215894133287314,0.2895183106812237,1,-1
2023-08-11,0.10375771882542761,0.6188318227593155,0.33136991893625467,1.0,0.6839729119638833,0.17991001432370157,0.287423693014204,1,0
2023-08-14,0.09770041560733744,0.6188318227593155,0.33136991893625467,1.0,0.6444695259593689,0.17391301861223318,0.2986719396544717,1,-1
2023-08-15,0.09242838809324849,0.6188318227593155,0.33136991893625467,1.0,0.651241534988714,0.1701649499099367,0.275947798447715,0,-1
2023-08-16,0.08098711962994137,0.6188318227593155,0.33136991893625467,1.0,0.624153498871334,0.16191902718929718,0.26125573505889343,0,-1
2023-08-17,0.07795846802089657,0.6188318227593155,0.33136991893625467,1.0,0.5902934537246036,0.17991001432370157,0.24637068442434618,2,-1
2023-08-18,0.07829496584872242,0.6188318227593155,0.33136991893625467,1.0,0.591422121896162,0.18515751067843533,0.24608591056175133,2,1
2023-08-21,0.08367910225254988,0.6188318227593155,0.33136991893625467,1.0,0.6060948081264104,0.22188912728363475,0.2592576110147363,0,1
2023-08-22,0.08693214279968259,0.6188318227593155,0.33136991893625467,1.0,0.5586907449209928,0.22938526468822829,0.2539029637877195,0,1
2023-08-23,0.10701058821394965,0.6188318227593155,0.33136991893625467,1.0,0.5767494356659162,0.29160429179173786,0.27513712364277765,2,1
2023-08-24,0.10656198149638507,0.6188318227593155,0.33136991893625467,1.0,0.5361173814898437,0.27811101569602037,0.24897793783499977,2,-1
2023-08-25,0.10398193660490457,0.6188318227593155,0.33136991893625467,1.0,0.4920993227990986,0.286356795437004,0.2618603713742149,1,-1
2023-08-28,0.10970274199516866,0.6188318227593155,0.33136991893625467,1.0,0.5180586907449201,0.286356795437004,0.2739541674547338,1,1
2023-08-29,0.1292203006435222,0.6188318227593155,0.33136991893625467,1.0,0.564334085778782,0.32308841204220407,0.3021377937492674,2,1
2023-08-30,0.1342681103781339,0.6188318227593155,0.33136991893625467,1.0,0.6489841986456,0.31259370529204855,0.3096921104588818,2,1
2023-08-31,0.13090296094126286,0.6188318227593155,0.33136991893625467,1.0,0.5507900677200921,0.2991004291963314,0.30653285361810456,2,-1
2023-09-01,0.13191245442474114,1.0,0.40345249897941304,1.0,0.4920993227990986,0.2826087267347075,0.3100864291882297,2,1
2023-09-05,0.11542337622682208,1.0,0.40345249897941304,1.0,0.42437923250564324,0.23913047208164906,0.3017873357575842,0,-1
2023-09-06,0.10633759255829761,1.0,0.40345249897941304,1.0,0.4097065462753948,0.21289356222660483,0.288050366675767,2,-1
2023-09-07,0.10846885957360286,1.0,0.40345249897941304,1.0,0.39841986455982026,0.19865064379449693,0.2817669415843441,2,1
2023-09-08,0.10914185522925507,1.0,0.40345249897941304,1.0,0.404063205417607,0.19565221742859085,0.28454942399083927,1,1
2023-09-11,0.11284350249395209,1.0,0.40345249897941304,1.0,0.4435665914221225,0.20689656651513655,0.29768154280251735,2,1
2023-09-12,0.10252383640386181,1.0,0.40345249897941304,1.0,0.42325056433408736,0.20464763950596487,0.28648164995109027,2,-1
2023-09-13,0.0979248045454249,1.0,0.40345249897941304,1.0,0.4356659142212218,0.18965522171712257,0.28890918131472676,2,-1
2023-09-14,0.0989342980289033,1.0,0.40345249897941304,1.0,0.34875846501128716,0.17466266094862393,0.30541108850797327,1,1
2023-09-15,0.11205822678995092,1.0,0.40345249897941304,1.0,0.36343115124153424,0.20314849781283972,0.28140749749031,1,1
2023-09-18,0.12383616423969468,1.0,0.40345249897941304,1.0,0.38826185101580024,0.21739127326529206,0.28281403646303604,1,1
2023-09-19,0.12192928616247689,1.0,0.40345249897941304,1.0,0.3758465011286687,0.21514248923577628,0.2786164568910997,1,-1
2023-09-20,0.12338755752213004,1.0,0.40345249897941304,1.0,0.41083521444695204,0.22038984261085393,0.2603224641433124,2,1
2023-09-21,0.10880535740142888,1.0,0.40345249897941304,1.0,0.3532731376975182,0.22788612299510347,0.22868582104305546,2,-1
2023-09-22,0.11519898728873468,1.0,0.40345249897941304,1.0,0.34875846501128716,0.23838082974525832,0.22433034281552566,1,1
2023-09-25,0.1048793211986444,1.0,0.40345249897941304,1.0,0.2708803611738144,0.20989513586069874,0.23194585060305306,2,-1
2023-09-26,0.08895112976663888,1.0,0.40345249897941304,1.0,0.25056433408577794,0.19190400574663813,0.20394173240071867,0,-1
2023-09-27,0.06449804143202265,1.0,0.40345249897941304,1.0,0.1794582392776518,0.17241387691910826,0.2043711397201986,0,-1
2023-09-28,0.054739090949235236,1.0,0.40345249897941304,1.0,0.25620767494356755,0.17541230328501467,0.21540906877449273,2,-1
2023-09-29,0.0347727544247069,1.0,0.40345249897941304,1.0,0.2629796839729124,0.1454273247276735,0.21030410681993827,2,-1
2023-10-02,0.01458202896209071,0.8429003021148036,0.4197235668046897,1.0,0.16817155756207836,0.07646180255596124,0.2104532333279988,0,-1
2023-10-03,0.009085783668524472,0.8429003021148036,0.4197235668046897,1.0,0.11512415349887029,0.0779610872287424,0.1846269612168382,0,-1
2023-10-04,0.008861394730437122,0.8429003021148036,0.4197235668046897,1.0,0.18848758465011484,0.06821587983532151,0.19965643135345246,2,-1
2023-10-05,0.005384136403827455,0.8429003021148036,0.4197235668046897,1.0,0.19864559819413108,0.06371816879663428,0.1972201278422827,2,-1
2023-10-06,0.015142915728004469,0.8429003021148036,0.4197235668046897,1.0,0.2765237020316038,0.09970014306544339,0.21926496250227867,1,1
2023-10-09,0.05014023024940889,0.8429003021148036,0.4197235668046897,1.0,0.2765237020316038,0.1244377682477068,0.23116598529189025,2,1
2023-10-10,0.046887189702276566,0.8429003021148036,0.4197235668046897,1.0,0.3013544018058709,0.11844077253623864,0.2410601118898117,2,-1
2023-10-11,0.06102061194680264,0.8429003021148036,0.4197235668046897,1.0,0.3036117381489851,0.13343333330473706,0.24925843260123715,2,1
2023-10-12,0.055075588777061424,0.8429003021148036,0.4197235668046897,1.0,0.22799097065462748,0.1169414878634576,0.23727846048382895,2,-1
2023-10-13,0.11755464324212744,0.8429003021148036,0.4197235668046897,1.0,0.17042889390519256,0.17841087263057664,0.22771296848616696,2,1
2023-10-16,0.10779586391795082,0.8429003021148036,0.4197235668046897,1.0,0.2200902934537241,0.17091459224632743,0.24780353983967096,2,-1
2023-10-17,0.11149734002403766,0.8429003021148036,0.4197235668046897,1.0,0.27313769751692973,0.18890557938073216,0.2476152595999388,2,1
2023-10-18,0.14043735132735236,0.8429003021148036,0.4197235668046897,1.0,0.2042889390519187,0.1911545063899036,0.22193790004202074,0,1
2023-10-19,0.16533921753814412,0.8429003021148036,0.4197235668046897,1.0,0.24717832957110564,0.20314849781283972,0.20590048875838607,0,1
2023-10-20,0.17094774288005893,0.8429003021148036,0.4197235668046897,1.0,0.2720090293453714,0.2248875536495415,0.18230897471995444,2,1
2023-10-23,0.16399322622683915,0.8429003021148036,0.4197235668046897,1.0,0.33295711060948174,0.19865064379449693,0.17918908556566648,0,-1
2023-10-24,0.16376883728875186,0.8429003021148036,0.4197235668046897,1.0,0.2753950338600468,0.19640185976498126,0.1926149643422902,2,-1
2023-10-25,0.17240601423971186,0.8429003021148036,0.4197235668046897,1.0,0.26185101580135517,0.19040486405351287,0.16592538454099426,2,1
2023-10-26,0.17565888362823462,0.8429003021148036,0.4197235668046897,1.0,0.2042889390519187,0.1836582260056543,0.1442179566287911,2,1
2023-10-27,0.19966336524528588,0.8429003021148036,0.4197235668046897,1.0,0.2720090293453714,0.2083958511879177,0.13551577232126444,2,1
2023-10-30,0.18788559895415208,0.8429003021148036,0.4197235668046897,1.0,0.3036117381489851,0.22038984261085393,0.15718361859216023,0,-1
2023-10-31,0.17655626822197384,0.8429003021148036,0.4197235668046897,1.0,0.24492099322799143,0.19340329041941906,0.16900569205397487,0,-1
2023-11-01,0.1700503582863197,0.4572004028197383,0.44503411675511595,1.0,0.2110609480812653,0.19265364808302832,0.18831190504514028,2,-1
2023-11-02,0.1768927660497998,0.4572004028197383,0.44503411675511595,1.0,0.3013544018058709,0.18515751067843533,0.22333117381603818,2,1
2023-11-03,0.18440816946893263,0.4572004028197383,0.44503411675511595,1.0,0.4311512415349881,0.21139427755382334,0.24110375867265876,1,1
2023-11-06,0.16825576025744965,0.4572004028197383,0.44503411675511595,1.0,0.44695259593679504,0.20089957080366805,0.24445150970798613,0,-1
2023-11-07,0.15973069219622887,0.4572004028197383,0.44503411675511595,1.0,0.379232505643341,0.17466266094862393,0.24988489230798205,1,-1
2023-11-08,0.1393157489541349,0.4572004028197383,0.44503411675511595,1.0,0.41083521444695204,0.16866566523715598,0.25181283917187525,1,-1
2023-11-09,0.1473920391391822,0.4572004028197383,0.44503411675511595,1.0,0.4051918735891653,0.17166423458271785,0.23628827758669257,0,1
2023-11-10,0.12518215555099893,0.4572004028197383,0.44503411675511595,1.0,0.4051918735891653,0.1454273247276735,0.2660363415095457,0,-1
2023-11-13,0.13639920623482965,0.4572004028197383,0.44503411675511595,1.0,0.39390519187359074,0.1521739627755322,0.26441927099602835,1,1
2023-11-14,0.1544586646821396,0.4572004028197383,0.44503411675511595,1.0,0.5756207674943581,0.2076462088515273,0.3012922443090158,1,1
2023-11-15,0.14907452827831214,0.4572004028197383,0.44503411675511595,1.0,0.5665914221218962,0.22863576533149377,0.3044382359510849,2,-1
2023-11-16,0.17206951641188567,0.4572004028197383,0.44503411675511595,1.0,0.564334085778782,0.25187410584097647,0.30678703194174284,2,1
2023-11-17,0.17184512747379815,0.4572004028197383,0.44503411675511595,1.0,0.5959367945823957,0.2511244635045857,0.3093196151209575,2,-1
2023-11-20,0.1684799780369272,0.4572004028197383,0.44503411675511595,1.0,0.6704288939051932,0.23088454936100955,0.3239372222331579,2,-1
2023-11-21,0.19068986162510987,0.4572004028197383,0.44503411675511595,1.0,0.6455981941309272,0.25262374817736655,0.31991037860588756,0,1
2023-11-22,0.1818282957360619,0.4572004028197383,0.44503411675511595,1.0,0.5869074492099313,0.24512746779311745,0.32798610320666943,0,-1
2023-11-24,0.19259673970232732,0.4572004028197383,0.44503411675511595,1.0,0.6580135440180588,0.29010500711895704,0.32917783154224656,2,1
2023-11-27,0.20661805305711495,0.4572004028197383,0.44503411675511595,1.0,0.6613995485327315,0.31184406295565814,0.32527379798043776,1,1
2023-11-28,0.23454839971834202,0.4572004028197383,0.44503411675511595,1.0,0.7404063205417628,0.3388306151470931,0.3272280612869297,1,1
2023-11-29,0.2376891602171251,0.4572004028197383,0.44503411675511595,1.0,0.6975169300225732,0.3358320458015308,0.32533948210952623,2,1
2023-11-30,0.22882776548668776,0.4572004028197383,0.44503411675511595,1.0,0.6286681715575624,0.35457267527232594,0.33288481271678994,2,-1
2023-12-01,0.2653952890988746,0.18982880161127902,0.4828249839622103,1.0,0.5948081264108374,0.36956523604082414,0.3446412020495161,2,1
2023-12-04,0.218844597224424,0.18982880161127902,0.4828249839622103,1.0,0.533860045146727,0.30434778257140904,0.3337523995032826,0,-1
2023-12-05,0.21088041592911605,0.18982880161127902,0.4828249839622103,1.0,0.4920993227990986,0.2788606580324111,0.33261330405290346,0,-1
2023-12-06,0.2186202082863366,0.18982880161127902,0.4828249839622103,1.0,0.49548532731377093,0.2646177396003032,0.32479603687211756,0,1
2023-12-07,0.2220974666129461,0.18982880161127902,0.4828249839622103,1.0,0.49999999999999933,0.2541230328501477,0.34068004255133444,1,1
2023-12-08,0.19394273101363219,0.18982880161127902,0.4828249839622103,1.0,0.4458239277652367,0.2023988554764493,0.348909172756534,1,-1
2023-12-11,0.17094774288005893,0.18982880161127902,0.4828249839622103,1.0,0.44695259593679504,0.18815593704434141,0.3568269987017222,1,-1
2023-12-12,0.16982614050684214,0.18982880161127902,0.4828249839622103,1.0,0.49548532731377093,0.18290858366926388,0.36614280542692124,1,-1
2023-12-13,0.21626472349155362,0.18982880161127902,0.4828249839622103,1.0,0.4988713318284408,0.25262374817736655,0.3939188477933987,0,1
2023-12-14,0.22860337654860002,0.18982880161127902,0.4828249839622103,1.0,0.7291196388261842,0.2811094420619268,0.3993785468359933,0,1
2023-12-15,0.20919792678998533,0.18982880161127902,0.4828249839622103,1.0,0.6264108352144482,0.25712145921605345,0.3992208621352181,2,-1
2023-12-18,0.21873248833468467,0.18982880161127902,0.4828249839622103,1.0,0.6422121896162549,0.2548725322068822,0.40858480869443914,1,1
2023-12-19,0.2330902995172986,0.18982880161127902,0.4828249839622103,1.0,0.7065462753950325,0.2721140199845523,0.4207706053466457,2,1
2023-12-20,0.22153675100564213,0.18982880161127902,0.4828249839622103,1.0,0.6839729119638833,0.2728636623209427,0.3900892705082112,2,-1
2023-12-21,0.23645527779555936,0.18982880161127902,0.4828249839622103,1.0,0.7212189616252835,0.2931034334848631,0.4112971139206708,1,1
2023-12-22,0.24587773045052014,0.18982880161127902,0.4828249839622103,1.0,0.7415349887133185,0.2788606580324111,0.41474991677157613,1,1
2023-12-26,0.26214241971035185,0.18982880161127902,0.4828249839622103,1.0,0.772009029345371,0.28485765374387906,0.42356613899703144,1,1
2023-12-27,0.2719011990345291,0.18982880161127902,0.4828249839622103,1.0,0.8611738148984196,0.28710643777339473,0.42655893898950004,2,1
2023-12-28,0.2593381570393944,0.18982880161127902,0.4828249839622103,1.0,0.8148984198645604,0.2691154506389901,0.4273345252043056,2,-1
2023-12-29,0.25597300760252334,0.18982880161127902,0.4828249839622103,1.0,0.8024830699774288,0.2533733905137573,0.42141033025209873,2,-1
2024-01-02,0.2509253690265218,0.31520644511581075,0.5445850586108332,1.0,0.6839729119638833,0.24362818312033663,0.4095794846427513,0,-1
2024-01-03,0.2330902995172986,0.31520644511581075,0.5445850586108332,1.0,0.6297968397291207,0.19940028613088734,0.39291989274872907,0,-1
2024-01-04,0.235221566532604,0.31520644511581075,0.5445850586108332,1.0,0.6839729119638833,0.20089957080366805,0.3858521092949677,0,1
2024-01-05,0.23555806436042953,0.31520644511581075,0.5445850586108332,1.0,0.6839729119638833,0.21064463521743326,0.38960295120717603,0,1
2024-01-08,0.21895670611416213,0.31520644511581075,0.5445850586108332,1.0,0.7054176072234768,0.20464763950596487,0.41865416428820257,1,-1
2024-01-09,0.2196297017698144,0.31520644511581075,0.5445850586108332,1.0,0.6591422121896147,0.1949025750922001,0.4155693637240462,1,1
2024-01-10,0.21480645213190047,0.31520644511581075,0.5445850586108332,1.0,0.6873589164785558,0.19040486405351287,0.4273783859419703,1,-1
2024-01-11,0.21895670611416213,0.31520644511581075,0.5445850586108332,1.0,0.6681715575620792,0.18140929899648262,0.4259718469692445,1,1
2024-01-12,0.23959620945295307,0.31520644511581075,0.5445850586108332,1.0,0.6862302483070002,0.209145493524308,0.42754484279027916,2,1
2024-01-16,0.21940548399033638,0.31520644511581075,0.5445850586108332,1.0,0.5993227990970653,0.19190400574663813,0.41972329651313556,1,-1
2024-01-17,0.19618610691867638,0.31520644511581075,0.5445850586108332,1.0,0.5722347629796853,0.16866566523715598,0.40799322362300827,1,-1
2024-01-18,0.21334818077224732,0.31520644511581075,0.5445850586108332,1.0,0.5778781038374721,0.1806596566600922,0.42627844422326266,2,1
2024-01-19,0.2196297017698144,0.31520644511581075,0.5445850586108332,1.0,0.6049661399548547,0.1701649499099367,0.45207412079546716,2,1
2024-01-22,0.21166569163311683,0.31520644511581075,0.5445850586108332,1.0,0.613995485327314,0.13643175967064303,0.45672763808429984,2,-1
2024-01-23,0.2198540907079018,0.31520644511581075,0.5445850586108332,1.0,0.5395033860045162,0.15967024315978162,0.46293660689910154,2,1
2024-01-24,0.20246762791624368,0.31520644511581075,0.5445850586108332,1.0,0.6207674943566617,0.17316337627584277,0.4646672874209118,0,-1
2024-01-25,0.21076830703937727,0.31520644511581075,0.5445850586108332,1.0,0.5485327313769781,0.19040486405351287,0.47588921761858016,0,1
2024-01-26,0.20931003567972456,0.31520644511581075,0.5445850586108332,1.0,0.5812641083521446,0.1844078683420446,0.4744914507933874,2,-1
2024-01-29,0.2241166247385123,0.31520644511581075,0.5445850586108332,1.0,0.5146726862302478,0.21064463521743326,0.49068654677779755,1,1
2024-01-30,0.22703299629920887,0.31520644511581075,0.5445850586108332,1.0,0.5564334085778786,0.209145493524308,0.48938955267182516,2,1
2024-01-31,0.22546261604981693,0.31520644511581075,0.5445850586108332,1.0,0.5688487584650104,0.18815593704434141,0.4546330204172807,2,-1
2024-02-01,0.24744811069991163,0.4843907351460226,0.6162010847378534,1.0,0.5801354401805889,0.21064463521743326,0.4811604224666254,2,1
2024-02-02,0.22725738523729638,0.4843907351460226,0.6162010847378534,1.0,0.4920993227990986,0.17616194562140497,0.5041297558946692,2,-1
2024-02-05,0.21559172783590158,0.4843907351460226,0.6162010847378534,1.0,0.4345372460496635,0.15517238914143816,0.4972066058977932,0,-1
2024-02-06,0.2265843895816439,0.4843907351460226,0.6162010847378534,1.0,0.4514672686230259,0.1581709584870007,0.5022105811783092,0,1
2024-02-07,0.2260235028157303,0.4843907351460226,0.6162010847378534,1.0,0.4717832957110608,0.14467768239128276,0.5201014830492158,2,-1
2024-02-08,0.2241166247385123,0.4843907351460226,0.6162010847378534,1.0,0.4774266365688473,0.16866566523715598,0.5213503373211662,2,-1
2024-02-09,0.2159282256637271,0.4843907351460226,0.6162010847378534,1.0,0.48645598194130946,0.17091459224632743,0.5339259596515448,2,-1
2024-02-12,0.2104318092115514,0.4843907351460226,0.6162010847378534,1.0,0.4774266365688473,0.1769115879577957,0.5318358350357008,0,-1
2024-02-13,0.18149179790823639,0.4843907351460226,0.6162010847378534,1.0,0.41647855530474254,0.1349326179775182,0.5017460852686974,0,-1
2024-02-14,0.18025791548667064,0.4843907351460226,0.6162010847378534,1.0,0.4334085778781025,0.1529236051119227,0.5225377865603854,0,-1
2024-02-15,0.19416711995171915,0.4843907351460226,0.6162010847378534,1.0,0.4627539503386018,0.19040486405351287,0.5352931309377812,1,1
2024-02-16,0.20179463226059163,0.4843907351460226,0.6162010847378534,1.0,0.4717832957110608,0.22413791131315108,0.5247066465492084,1,1
2024-02-20,0.21446995430407428,0.4843907351460226,0.6162010847378534,1.0,0.5225733634311511,0.20014992846727764,0.5115349460962234,1,1
2024-02-21,0.2145820631938124,0.4843907351460226,0.6162010847378534,1.0,0.527088036117382,0.19190400574663813,0.5142911120601198,2,1
2024-02-22,0.21547944778755207,0.4843907351460226,0.6162010847378534,1.0,0.5237020316027092,0.18140929899648262,0.5604007288156919,2,1
2024-02-23,0.2273694941270346,0.4843907351460226,0.6162010847378534,1.0,0.5383747178329576,0.1941529327558098,0.5611763150304973,2,1
2024-02-26,0.22265835337885914,0.4843907351460226,0.6162010847378534,1.0,0.5688487584650104,0.1664168812076402,0.5527325881429664,1,-1
2024-02-27,0.2204149774738154,0.4843907351460226,0.6162010847378534,1.0,0.571106094808127,0.1626686695256876,0.5565230116964822,2,-1
2024-02-28,0.2242287336282514,0.4843907351460226,0.6162010847378534,1.0,0.5553047404063203,0.16116938485290644,0.5528333608621868,2,1
2024-02-29,0.2351092864842544,0.4843907351460226,0.6162010847378534,1.0,0.5146726862302478,0.17466266094862393,0.5644496097892032,2,1
2024-03-01,0.2752663484713996,0.5815709969788521,0.6794774596139268,1.0,0.542889390519186,0.2076462088515273,0.582331739512577,2,1
2024-03-04,0.3102634918341948,0.5815709969788521,0.6794774596139268,1.0,0.5767494356659162,0.25937038622522524,0.5796457507289444,1,1
2024-03-05,0.32349970064359085,0.5815709969788521,0.6794774596139268,1.0,0.5756207674943581,0.24512746779311745,0.55672883623128,1,1
2024-03-06,0.34167126798063946,0.5815709969788521,0.6794774596139268,1.0,0.6343115124153489,0.27736137335962996,0.5681696422076371,0,1
2024-03-07,0.3543465900241231,0.5815709969788521,0.6794774596139268,1.0,0.6659142212189622,0.2878560801097855,0.591217924963478,0,1
2024-03-08,0.3733034330651735,0.5815709969788521,0.6794774596139268,1.0,0.6659142212189622,0.28710643777339473,0.5764644565419254,2,1
2024-03-11,0.3774536870474355,0.5815709969788521,0.6794774596139268,1.0,0.651241534988714,0.296102002830425,0.5739449246066016,1,1
2024-03-12,0.35266392972638244,0.5815709969788521,0.6794774596139268,1.0,0.6399548532731381,0.27661173102323955,0.5990657876832203,1,-1
2024-03-13,0.3683679033789106,0.5815709969788521,0.6794774596139268,1.0,0.6693002257336349,0.32908555073332835,0.5947015373081578,1,1
2024-03-14,0.3589456218825597,0.5815709969788521,0.6794774596139268,1.0,0.6060948081264104,0.3245876967149849,0.5882033015795859,0,-1
2024-03-15,0.35176671629125306,0.5815709969788521,0.6794774596139268,1.0,0.6060948081264104,0.3470765378677326,0.5735724292686769,0,-1
2024-03-18,0.35535608350760145,0.5815709969788521,0.6794774596139268,1.0,0.6038374717832962,0.3380809728107024,0.587738805669974,2,1
2024-03-19,0.3527762097747314,0.5815709969788521,0.6794774596139268,1.0,0.5733634311512439,0.32908555073332835,0.6004853778998368,2,-1
2024-03-20,0.37947267401439183,0.5815709969788521,0.6794774596139268,1.0,0.5699774266365685,0.3665668096749185,0.6206899871712696,1,1
2024-03-21,0.3771171892196092,0.5815709969788521,0.6794774596139268,1.0,0.5756207674943581,0.3185907010035173,0.628099456469181,1,-1
2024-03-22,0.3589456218825597,0.5815709969788521,0.6794774596139268,1.0,0.5259593679458263,0.31184406295565814,0.6248790085504904,2,-1
2024-03-25,0.3661245274738672,0.5815709969788521,0.6794774596139268,1.0,0.5485327313769781,0.31334334762843896,0.617872416174642,2,1
2024-03-26,0.3734155419549123,0.5815709969788521,0.6794774596139268,1.0,0.5395033860045162,0.29535236049403457,0.611470674068933,0,1
2024-03-27,0.3897925112630923,0.5815709969788521,0.6794774596139268,1.0,0.5304740406320543,0.30809599425336165,0.6311493823980227,0,1
2024-03-28,0.41918112928397194,0.5815709969788521,0.6794774596139268,1.0,0.5079006772009054,0.32608698138776604,0.6337170541673692,1,1
2024-04-01,0.4427370041834588,0.8096676737160116,0.7324896483349854,1.0,0.4311512415349881,0.33433290410840555,0.6290810811736022,2,1
2024-04-02,0.4771732607803398,0.8096676737160116,0.7324896483349854,1.0,0.4717832957110608,0.4077961373188054,0.6124478057221788,2,1
2024-04-03,0.4979248730088695,0.8096676737160116,0.7324896483349854,1.0,0.5372460496613993,0.47451273248134607,0.6149367421185464,2,1
2024-04-04,0.4842400574819075,0.8096676737160116,0.7324896483349854,1.0,0.5801354401805889,0.45652174534694145,0.586770446164261,2,-1
2024-04-05,0.5248457261866171,0.8096676737160116,0.7324896483349854,1.0,0.5530474040632063,0.49700157363409403,0.6118035877655502,2,1
2024-04-08,0.5398765330248827,0.8096676737160116,0.7324896483349854,1.0,0.5665914221218962,0.5247376251822633,0.6109492661777659,1,1
2024-04-09,0.5532248507240185,0.8096676737160116,0.7324896483349854,1.0,0.5699774266365685,0.5487256080281357,0.6142443843278954,2,1
2024-04-10,0.5301177537007062,0.8096676737160116,0.7324896483349854,1.0,0.4356659142212218,0.5284858368642158,0.5926552734299783,2,-1
2024-04-11,0.5771172234513315,0.8096676737160116,0.7324896483349854,1.0,0.41873589164785674,0.5704648068444935,0.6094900943198419,2,1
2024-04-12,0.5444755648833197,0.8096676737160116,0.7324896483349854,1.0,0.33408577878103873,0.5419789699802773,0.5763418604312817,2,-1
2024-04-15,0.5900167632742919,0.8096676737160116,0.7324896483349854,1.0,0.33069977426636643,0.6004497854018345,0.5493542415686828,2,1
2024-04-16,0.5930454148833366,0.8096676737160116,0.7324896483349854,1.0,0.3126410835214455,0.5547226037396045,0.5447929388063549,2,1
2024-04-17,0.5747615674979392,0.8096676737160116,0.7324896483349854,1.0,0.33069977426636643,0.5584708154215567,0.5319980127876515,1,-1
2024-04-18,0.5831743555108113,0.8096676737160116,0.7324896483349854,1.0,0.34875846501128716,0.5592204577579472,0.5271386709640208,1,1
2024-04-19,0.5909141478680313,0.8096676737160116,0.7324896483349854,1.0,0.34311512415349776,0.5847077252766013,0.5079069142494764,2,1
2024-04-22,0.5296691469831414,0.8096676737160116,0.7324896483349854,1.0,0.34311512415349776,0.4895052932498445,0.5269108090829812,0,-1
2024-04-23,0.5237239526547901,0.8096676737160116,0.7324896483349854,1.0,0.38826185101580024,0.4940030042885317,0.5531795397575122,0,-1
2024-04-24,0.5192372008447022,0.8096676737160116,0.7324896483349854,1.0,0.379232505643341,0.48725636624067326,0.5536528078146573,0,-1
2024-04-25,0.5335950120273156,0.8096676737160116,0.7324896483349854,1.0,0.4176072234762982,0.49925035766360915,0.5434826795016737,2,1
2024-04-26,0.5414469132742747,0.8096676737160116,0.7324896483349854,1.0,0.378103837471784,0.48650672390428285,0.5660664663479028,2,1
2024-04-29,0.5365113835880118,0.8096676737160116,0.7324896483349854,1.0,0.41309255079007,0.48200901286559494,0.5731693383917958,2,-1
2024-04-30,0.4881659225260821,0.8096676737160116,0.7324896483349854,1.0,0.3758465011286687,0.4235381974440382,0.5379046634447925,2,-1
2024-05-01,0.5097026393000026,0.39728096676737135,0.7397212340351054,1.0,0.37133182844243917,0.440030042885318,0.5303242442473971,1,1
2024-05-02,0.5022995159292187,0.39728096676737135,0.7397212340351054,1.0,0.40067720090293424,0.44677668093317635,0.550397271305835,1,-1
2024-05-03,0.5003926378520007,0.39728096676737135,0.7397212340351054,1.0,0.47291196388261936,0.43628183120336494,0.5782610351476419,2,-1
2024-05-06,0.5255187218422692,0.39728096676737135,0.7397212340351054,1.0,0.4830699774266367,0.5,0.6014627235079008,0,1
2024-05-07,0.5144139512067882,0.39728096676737135,0.7397212340351054,1.0,0.4695259593679466,0.4887556509134541,0.6045124354819248,2,-1
2024-05-08,0.5073471545052199,0.39728096676737135,0.7397212340351054,1.0,0.45598194130925407,0.49100457792262553,0.6044991702832164,2,-1
2024-05-09,0.5451485605389719,0.39728096676737135,0.7397212340351054,1.0,0.474040632054175,0.5592204577579472,0.6160715584725683,1,1
2024-05-10,0.5648906792840234,0.39728096676737135,0.7397212340351054,1.0,0.47629796839729166,0.5524738197100887,0.6198399446798425,1,1
2024-05-13,0.5374087681817521,0.39728096676737135,0.7397212340351054,1.0,0.5022573363431135,0.5547226037396045,0.6192877272949012,0,-1
2024-05-14,0.557935991472194,0.39728096676737135,0.7397212340351054,1.0,0.527088036117382,0.5794602289218675,0.6303562518881513,0,1
2024-05-15,0.5893437676186397,0.39728096676737135,0.7397212340351054,1.0,0.5744920993227995,0.6536732474483136,0.6572910239107349,1,1
2024-05-16,0.5796970971842015,0.39728096676737135,0.7397212340351054,1.0,0.591422121896162,0.6491753934299704,0.6524492263821696,1,-1
2024-05-17,0.620415045937259,0.39728096676737135,0.7397212340351054,1.0,0.5846501128668169,0.7788606580324111,0.6551527594608683,2,1
2024-05-20,0.6305103230892619,0.39728096676737135,0.7397212340351054,1.0,0.5756207674943581,0.793103433484863,0.6572822517632019,2,1
2024-05-21,0.6268086758245652,0.39728096676737135,0.7397212340351054,1.0,0.5688487584650104,0.8148426323012206,0.6631013948998309,2,-1
2024-05-22,0.5805944817779414,0.39728096676737135,0.7397212340351054,1.0,0.5474040632054169,0.7361319027360871,0.6567914394109912,2,-1
2024-05-23,0.5313516361222719,0.39728096676737135,0.7397212340351054,1.0,0.5372460496613993,0.6859070100351703,0.6396279839208675,2,-1
2024-05-24,0.5335950120273156,0.39728096676737135,0.7397212340351054,1.0,0.5654627539503376,0.7001499284672781,0.6557882052699641,2,1
2024-05-28,0.5590577650040207,0.39728096676737135,0.7397212340351054,1.0,0.5959367945823957,0.8125937052920489,0.6563665251426868,2,1
2024-05-29,0.536287165808534,0.39728096676737135,0.7397212340351054,1.0,0.5191873589164786,0.8073463519169712,0.639238158242695,0,-1
2024-05-30,0.5408861976669714,0.39728096676737135,0.7397212340351054,1.0,0.5485327313769781,0.7511244635045857,0.6254485562756799,0,1
2024-05-31,0.5266404953740964,0.39728096676737135,0.7397212340351054,1.0,0.5586907449209928,0.7016492131400593,0.6438651451341114,2,-1
2024-06-03,0.5481772121480168,0.4224572004028193,0.7391963608794523,1.0,0.6083521444695272,0.7113942775538245,0.6464460821021661,1,1
2024-06-04,0.52630399754627,0.4224572004028193,0.7391963608794523,1.0,0.5948081264108374,0.6461769670640645,0.6499252013956701,0,-1
2024-06-05,0.554907511021759,0.4224572004028193,0.7391963608794523,1.0,0.5801354401805889,0.6746626609486246,0.6773946465081292,0,1
2024-06-06,0.5729667983104594,0.4224572004028193,0.7391963608794523,1.0,0.6004514672686239,0.7593703862252257,0.6769258715021599,2,1
2024-06-07,0.4851374420756471,0.4224572004028193,0.7391963608794523,1.0,0.5146726862302478,0.6199400572090199,0.6743100598987909,2,-1
2024-06-10,0.5068983766290451,0.4224572004028193,0.7391963608794523,1.0,0.4514672686230259,0.6536732474483136,0.6803568509616414,2,1
2024-06-11,0.5137407843925261,0.4224572004028193,0.7391963608794523,1.0,0.4311512415349881,0.6229384835749259,0.6867235044772187,2,1
2024-06-12,0.5201345854384416,0.4224572004028193,0.7391963608794523,1.0,0.5553047404063203,0.6469266094004549,0.7067526707979915,0,1
2024-06-13,0.5005047467417392,0.4224572004028193,0.7391963608794523,1.0,0.4571106094808124,0.6019490700746153,0.7123221286621578,0,-1
2024-06-14,0.5314637450120101,0.4224572004028193,0.7391963608794523,1.0,0.3927765237020324,0.6454273247276741,0.7113843646954013,2,1
2024-06-17,0.5189007030168766,0.4224572004028193,0.7391963608794523,1.0,0.41986455981941506,0.6386806866798149,0.7296257245579908,1,-1
2024-06-18,0.5285473734513144,0.4224572004028193,0.7391963608794523,1.0,0.437923250564336,0.6416791130457211,0.7356725156208413,1,1
2024-06-20,0.5587212671761939,0.4224572004028193,0.7391963608794523,1.0,0.4029345372460498,0.719640200274464,0.7295994081153919,2,1
2024-06-21,0.5208075810940938,0.4224572004028193,0.7391963608794523,1.0,0.38713318284424325,0.6431783977185022,0.7258530592543592,2,-1
2024-06-24,0.5303421426387935,0.4224572004028193,0.7391963608794523,1.0,0.42437923250564324,0.6446776823912834,0.7185135531818935,2,1
2024-06-25,0.518339816250962,0.4224572004028193,0.7391963608794523,1.0,0.39954853273137747,0.5997001430654441,0.7279036022288957,2,-1
2024-06-26,0.49613010382139006,0.4224572004028193,0.7391963608794523,1.0,0.37358916478555426,0.5929535050175849,0.7316719884361703,2,-1
2024-06-27,0.5231632370474872,0.4224572004028193,0.7391963608794523,1.0,0.4029345372460498,0.6034483547473963,0.733849834527344,2,1
2024-06-28,0.5233874548269648,0.4224572004028193,0.7391963608794523,1.0,0.4063205417607225,0.6124437768247708,0.7240389363535765,1,1
2024-07-01,0.5296691469831414,0.5684793554884195,0.764565230069397,1.0,0.4255079006772018,0.6334333333047373,0.730440678459286,1,1
2024-07-02,0.5295568669347919,0.5684793554884195,0.764565230069397,1.0,0.4356659142212218,0.6424287553821115,0.7453036917475916,2,-1
2024-07-03,0.5568143890989772,0.5684793554884195,0.764565230069397,1.0,0.5056433408577887,0.7076462088515272,0.7575772098751276,2,1
2024-07-05,0.5897923743362044,0.5684793554884195,0.764565230069397,1.0,0.5383747178329576,0.755622174543273,0.770797050162135,0,1
2024-07-08,0.5590577650040207,0.5684793554884195,0.764565230069397,1.0,0.5462753950338584,0.7293852646882288,0.77327721441097,0,-1
2024-07-09,0.5632080189862818,0.5684793554884195,0.764565230069397,1.0,0.5214446952595928,0.7286357653314943,0.7750868442605766,0,1
2024-07-10,0.572181693765069,0.5684793554884195,0.764565230069397,1.0,0.5327313769751714,0.7316341916974003,0.8000324783413543,1,1
2024-07-11,0.6158160140788229,0.5684793554884195,0.764565230069397,1.0,0.5857787810383754,0.7706147353117716,0.7783995067057722,1,1
2024-07-12,0.6142456338294313,0.5684793554884195,0.764565230069397,1.0,0.6218961625282173,0.7286357653314943,0.7918998417590172,1,-1
2024-07-15,0.6223219240144775,0.5684793554884195,0.764565230069397,1.0,0.633182844243793,0.7218891272836354,0.7988538012496676,2,1
2024-07-16,0.6723498742155376,0.5684793554884195,0.764565230069397,1.0,0.6027088036117381,0.7653673819366937,0.8146194899145981,1,1
2024-07-17,0.6604598278760552,0.5684793554884195,0.764565230069397,1.0,0.6568848758465007,0.6949025750922004,0.7800339075595374,1,-1
2024-07-18,0.6441951386162239,0.5684793554884195,0.764565230069397,1.0,0.6343115124153489,0.6596702431597818,0.7608941514166808,2,-1
2024-07-19,0.59876604911499,0.5684793554884195,0.764565230069397,1.0,0.6060948081264104,0.6214393418818009,0.7435466947831827,2,-1
2024-07-22,0.5995513248189914,0.5684793554884195,0.764565230069397,1.0,0.5970654627539513,0.616941487863458,0.7695790053839592,2,1
2024-07-23,0.60830061065969,0.5684793554884195,0.764565230069397,1.0,0.5688487584650104,0.6206896995454103,0.7657800236377285,2,1
2024-07-24,0.5995513248189914,0.5684793554884195,0.764565230069397,1.0,0.5665914221218962,0.6019490700746153,0.709425608337734,2,-1
2024-07-25,0.5606281452534123,0.5684793554884195,0.764565230069397,1.0,0.5756207674943581,0.5254872675186537,0.6971961649026807,2,-1
2024-07-26,0.5864273960579438,0.5684793554884195,0.764565230069397,1.0,0.5733634311512439,0.5307346208937314,0.7234343000382554,2,1
2024-07-29,0.5829501377313338,0.5684793554884195,0.764565230069397,1.0,0.5282167042889403,0.5277361945278254,0.7253797911972143,2,-1
2024-07-30,0.6076276150040376,0.5684793554884195,0.764565230069397,1.0,0.5169300225733644,0.5569715307487757,0.7135050848502017,2,1
2024-07-31,0.652832315567184,0.5684793554884195,0.764565230069397,1.0,0.5327313769751714,0.5989505007290536,0.7511271139805781,2,1
2024-08-01,0.644083029726485,0.3272910372608262,0.7975156003965695,1.0,0.49435665914221283,0.5719640915172741,0.7179921452907264,2,-1
2024-08-02,0.6392596089299614,0.3272910372608262,0.7975156003965695,1.0,0.6354401805869072,0.572713733853665,0.6741215657042409,2,-1
2024-08-05,0.6071788371278628,0.3272910372608262,0.7975156003965695,1.0,0.6839729119638833,0.4842579398747664,0.6039120782629609,0,-1
2024-08-06,0.5872125006033344,0.3272910372608262,0.7975156003965695,1.0,0.6489841986456,0.4677660944334878,0.6274421872686616,0,-1
2024-08-07,0.5855300114642039,0.3272910372608262,0.7975156003965695,1.0,0.6478555304740417,0.4445277539240048,0.6096828676107496,2,-1
2024-08-08,0.6243409109814346,0.3272910372608262,0.7975156003965695,1.0,0.6354401805869072,0.4955022889613132,0.66218117522814,2,1
2024-08-09,0.6305103230892619,0.3272910372608262,0.7975156003965695,1.0,0.6478555304740417,0.49475264662492235,0.6730699777743735,2,1
2024-08-12,0.6736960366854516,0.3272910372608262,0.7975156003965695,1.0,0.651241534988714,0.5314842632301222,0.6731707504935939,2,1
2024-08-13,0.669770000482667,0.3272910372608262,0.7975156003965695,1.0,0.6805869074492108,0.5262369098550441,0.7126244468198185,2,-1
2024-08-14,0.6489062793643992,0.3272910372608262,0.7975156003965695,1.0,0.7595936794582394,0.5044977110386872,0.7217297220042264,2,-1
2024-08-15,0.6568704606597067,0.3272910372608262,0.7975156003965695,1.0,0.7167042889390525,0.5592204577579472,0.7602940081525348,2,1
2024-08-16,0.7138530986725973,0.3272910372608262,0.7975156003965695,1.0,0.7279909706546284,0.6019490700746153,0.7651270335335668,2,1
2024-08-19,0.7095905646419864,0.3272910372608262,0.7975156003965695,1.0,0.8115124153498878,0.6319340486319562,0.7887887247522619,2,-1
2024-08-20,0.7191251261866858,0.3272910372608262,0.7975156003965695,1.0,0.8521444695259606,0.6349326179775185,0.7839118386335647,2,1
2024-08-21,0.7156476967014662,0.3272910372608262,0.7975156003965695,1.0,0.8939051918735916,0.6409296136889866,0.7943098288275877,2,-1
2024-08-22,0.6844643094931071,0.3272910372608262,0.7975156003965695,1.0,0.8611738148984196,0.5989505007290536,0.7723088549052569,2,-1
2024-08-23,0.7141895965004226,0.3272910372608262,0.7975156003965695,1.0,0.931151241534989,0.6596702431597818,0.8003390755953722,2,1
2024-08-26,0.7224901044649472,0.3272910372608262,0.7975156003965695,1.0,0.9176072234762991,0.6686656652371561,0.7925526179083607,2,1
2024-08-27,0.7295569011665148,0.3272910372608262,0.7975156003965695,1.0,0.9130925507900709,0.671664234582718,0.7964786888164109,2,1
2024-08-28,0.711160944891378,0.3272910372608262,0.7975156003965695,1.0,0.875846501128668,0.6214393418818009,0.7817472577410997,2,-1
2024-08-29,0.7246213714802521,0.3272910372608262,0.7975156003965695,1.0,0.8295711060948088,0.6304347639591754,0.7816507641182365,2,1
2024-08-30,0.7060010262670275,0.3272910372608262,0.7975156003965695,1.0,0.8002257336343119,0.5959520743631472,0.8063815875618651,2,-1
2024-09-03,0.6947839755831977,0.008056394763342745,0.8395054528488952,0.7999999999999998,0.7810383747178353,0.5382309012779805,0.7540324064525351,1,-1
2024-09-04,0.6963543558325893,0.008056394763342745,0.8395054528488952,0.7999999999999998,0.823927765237022,0.54572718166223,0.7501499823273324,0,1
2024-09-05,0.7178912437651197,0.008056394763342745,0.8395054528488952,0.7999999999999998,0.8408577878103847,0.5869565093061169,0.742850057896174,0,1
2024-09-06,0.6985979028962437,0.008056394763342745,0.8395054528488952,0.7999999999999998,0.8295711060948088,0.5307346208937314,0.7012272876263085,1,-1
2024-09-09,0.7094784557522473,0.008056394763342745,0.8395054528488952,0.7999999999999998,0.779909706546277,0.5584708154215567,0.7286704162961682,1,1
2024-09-10,0.7209197242155547,0.008056394763342745,0.8395054528488952,0.7999999999999998,0.7607223476297977,0.5652174534694154,0.7393927619940933,2,1
2024-09-11,0.716769470233293,0.008056394763342745,0.8395054528488952,0.7999999999999998,0.7460496613995493,0.578710729565133,0.7650744006483688,2,-1
2024-09-12,0.7625350575623526,0.008056394763342745,0.8395054528488952,0.7999999999999998,0.7787810383747187,0.6649175965348595,0.7833157605109587,2,1
2024-09-13,0.7888950239741868,0.008056394763342745,0.8395054528488952,0.7999999999999998,0.8284424379232505,0.7211394849472448,0.7965751824392736,2,1
2024-09-16,0.788670806194709,0.008056394763342745,0.8395054528488952,0.7999999999999998,0.8713318284424398,0.7248875536495416,0.7996730342473201,2,-1
2024-09-17,0.7738642171359216,0.008056394763342745,0.8395054528488952,0.7999999999999998,0.8656884875846504,0.7166416309289017,0.8003260243514817,2,-1
2024-09-18,0.7533369938454799,0.008056394763342745,0.8395054528488952,0.7999999999999998,0.8634311512415338,0.662668669525688,0.7931747985187482,2,-1
2024-09-19,0.7943914404263632,0.008056394763342745,0.8395054528488952,0.7999999999999998,0.8984198645598198,0.7263868383223224,0.8349685186880976,2,1
2024-09-20,0.8284913703540282,0.008056394763342745,0.8395054528488952,0.7999999999999998,0.9119638826185097,0.7503748211681953,0.8301089629096486,2,1
2024-09-23,0.8337632267095068,0.008056394763342745,0.8395054528488952,0.7999999999999998,0.8792325056433405,0.7181409156016829,0.8371286065293876,2,1
2024-09-24,0.8717891928399568,0.008056394763342745,0.8395054528488952,0.7999999999999998,0.9018058690744923,0.8230884120422042,0.8434210177231612,2,1
2024-09-25,0.8679752655269102,0.008056394763342745,0.8395054528488952,0.7999999999999998,0.8939051918735916,0.7991004291963315,0.8387454630880872,2,-1
2024-09-26,0.8819965788816977,0.008056394763342745,0.8395054528488952,0.7999999999999998,0.9401805869074509,0.8140929899648301,0.8488719446182237,0,1
2024-09-27,0.8600112553902128,0.008056394763342745,0.8395054528488952,0.7999999999999998,0.9119638826185097,0.7841080114074888,0.8457169668738035,0,-1
2024-09-30,0.8380257607401167,0.008056394763342745,0.8395054528488952,0.7999999999999998,0.8961625282167056,0.7503748211681953,0.8563691353914645,2,-1
2024-10-01,0.8666292742156063,0.08912386706948627,0.8810870706246012,0.5000000000000009,0.8081264108352153,0.7631184549275221,0.8328257611870559,2,1
2024-10-02,0.8671901609815191,0.08912386706948627,0.8810870706246012,0.5000000000000009,0.788939051918736,0.7946027181576443,0.8331719400823815,2,1
2024-10-03,0.8652832829043022,0.08912386706948627,0.8810870706246012,0.5000000000000009,0.7494356659142218,0.8118440629556585,0.8289653744080941,2,-1
2024-10-04,0.8597868664521258,0.08912386706948627,0.8810870706246012,0.5000000000000009,0.6884875846501142,0.8215892703490788,0.851369439207306,2,-1
2024-10-07,0.8504766938455135,0.08912386706948627,0.8810870706246012,0.5000000000000009,0.7054176072234768,0.7893553647825666,0.8272126565400425,2,-1
2024-10-08,0.8302859683828971,0.08912386706948627,0.8810870706246012,0.5000000000000009,0.6986455981941317,0.7203898426108546,0.8513957556499051,0,-1
2024-10-09,0.8154795504827193,0.08912386706948627,0.8810870706246012,0.5000000000000009,0.6772009029345383,0.709145493524308,0.8693217461109434,0,-1
2024-10-10,0.8353337781175088,0.08912386706948627,0.8810870706246012,0.5000000000000009,0.6478555304740417,0.7481258941590239,0.8640678716031468,2,1
2024-10-11,0.8650588939662145,0.08912386706948627,0.8810870706246012,0.5000000000000009,0.6670428893905209,0.7796101573891456,0.8793953808010643,2,1
2024-10-14,0.8605721421561261,0.08912386706948627,0.8810870706246012,0.5000000000000009,0.6670428893905209,0.7601200285616161,0.8990347214436646,1,-1
2024-10-15,0.8701065325422159,0.08912386706948627,0.8810870706246012,0.5000000000000009,0.6185101580135446,0.7728635193412869,0.8794961535202844,1,1
2024-10-16,0.8839034569589164,0.08912386706948627,0.8810870706246012,0.5000000000000009,0.589164785553048,0.7878560801097856,0.8914192136561371,2,1
2024-10-17,0.9005048152051836,0.08912386706948627,0.8810870706246012,0.5000000000000009,0.5485327313769781,0.7863567954370048,0.8909810341891243,2,1
2024-10-18,0.9301178221641502,0.08912386706948627,0.8810870706246012,0.5000000000000009,0.5677200902934547,0.9175412017325706,0.9011466694509324,2,1
2024-10-21,0.9295569353982367,0.08912386706948627,0.8810870706246012,0.5000000000000009,0.5293453724604986,0.9332834048374596,0.8964625566231427,2,-1
2024-10-22,0.9599550469025944,0.08912386706948627,0.8810870706246012,0.5000000000000009,0.5124153498871336,1.0,0.8952445118449671,2,1
2024-10-23,0.925630899195452,0.08912386706948627,0.8810870706246012,0.5000000000000009,0.4830699774266367,0.922788555107648,0.8716791002943164,2,-1
2024-10-24,0.9472798960177216,0.08912386706948627,0.8810870706246012,0.5000000000000009,0.5135440180586921,0.9212894134145229,0.8771300271893784,2,1
2024-10-25,0.9531128102977242,0.08912386706948627,0.8810870706246012,0.5000000000000009,0.5214446952595928,0.91679155939618,0.8763677061732814,2,1
2024-10-28,0.9532249191874627,0.08912386706948627,0.8810870706246012,0.5000000000000009,0.5282167042889403,0.924287839780429,0.883115627174316,2,1
2024-10-29,0.9841839174577334,0.08912386706948627,0.8810870706246012,0.5000000000000009,0.5045146726862328,0.9737630901449559,0.8872344713732735,2,1
2024-10-30,1.0000000000000002,0.08912386706948627,0.8810870706246012,0.5000000000000009,0.5790067720090304,0.9302848354918973,0.8787995166332755,2,1
2024-10-31,0.9552439061544193,0.08912386706948627,0.8810870706246012,0.5000000000000009,0.5688487584650104,0.8553223176087166,0.8313798545278405,2,-1
2024-11-01,0.9435782487530244,0.024672708962738987,0.9326995975972485,0.3099999999999996,0.5609480812641097,0.8350825464447966,0.8416111739187372,2,-1
2024-11-04,0.9476163938455477,0.024672708962738987,0.9326995975972485,0.3099999999999996,0.6015801354401824,0.8418290415129996,0.8345521626125084,1,1
2024-11-05,0.9540100237328537,0.024672708962738987,0.9326995975972485,0.3099999999999996,0.6422121896162549,0.8508246065700298,0.8652553208423662,0,1
2024-11-06,0.8676387676990844,0.024672708962738987,0.9326995975972485,0.3099999999999996,0.43002257336342975,0.7518741058409766,0.9293523330917074,0,-1
2024-11-07,0.911946083668491,0.024672708962738987,0.9326995975972485,0.3099999999999996,0.49774266365688513,0.8028486408782838,0.948658546082873,2,1
2024-11-08,0.8929894117860511,0.024672708962738987,0.9326995975972485,0.3099999999999996,0.4051918735891653,0.755622174543273,0.9584912676480636,2,-1
2024-11-11,0.827706094650027,0.024672708962738987,0.9326995975972485,0.3099999999999996,0.4051918735891653,0.7173912732652921,0.9610371160259866,2,-1
2024-11-12,0.8042624997988888,0.024672708962738987,0.9326995975972485,0.3099999999999996,0.2787810383747191,0.7248875536495416,0.9534303803859919,2,-1
2024-11-13,0.7771172576830536,0.024672708962738987,0.9326995975972485,0.3099999999999996,0.2437923250564331,0.690404864053513,0.9540392957976708,1,-1
2024-11-14,0.7701625698712244,0.024672708962738987,0.9326995975972485,0.3099999999999996,0.23814898419864639,0.7053972818423557,0.93817283441352,1,-1
2024-11-15,0.765451429123049,0.024672708962738987,0.9326995975972485,0.3099999999999996,0.22686230248306916,0.6874062947079511,0.903753922861586,0,-1
2024-11-18,0.8159281572002839,0.024672708962738987,0.9326995975972485,0.3099999999999996,0.2652370203160279,0.7481258941590239,0.9138320506028824,0,1
2024-11-19,0.8401570277554227,0.024672708962738987,0.9326995975972485,0.3099999999999996,0.25620767494356755,0.757121459216054,0.9240678630449543,2,1
2024-11-20,0.8555243324215145,0.024672708962738987,0.9326995975972485,0.3099999999999996,0.19187358916478603,0.7271364806587131,0.9241247750265092,2,1
2024-11-21,0.8784072116653492,0.024672708962738987,0.9326995975972485,0.3099999999999996,0.13995485327313884,0.7226387696200258,0.9379712889750796,2,1
2024-11-22,0.9140773506837963,0.024672708962738987,0.9326995975972485,0.3099999999999996,0.05417607223476395,0.7548725322068823,0.947010880030399,2,1
2024-11-25,0.8315198508044628,0.024672708962738987,0.9326995975972485,0.3099999999999996,0.14334085778781114,0.6919040057466384,0.954911375635339,0,-1
2024-11-26,0.8367918783185522,0.024672708962738987,0.9326995975972485,0.3099999999999996,0.14672686230248377,0.7046476395059653,0.9699233014768874,0,1
2024-11-27,0.8428491815366419,0.024672708962738987,0.9326995975972485,0.3099999999999996,0.25282167042889614,0.6784108726305771,0.9598935275244319,0,1
2024-11-29,0.8664048852775192,0.024672708962738987,0.9326995975972485,0.3099999999999996,0.22121896162528265,0.7136432045629957,0.974633730747276,0,1
2024-12-02,0.8422882947707286,0.0,1.0,0.15000000000000036,0.15011286681715608,0.7038981401492308,0.9811056500332486,2,-1
2024-12-03,0.8477845400642943,0.0,1.0,0.15000000000000036,0.18848758465011484,0.7406297567544307,0.9823018714200012,0,1
2024-12-04,0.8560852191874284,0.0,1.0,0.15000000000000036,0.19864559819413108,0.7593703862252257,0.9983437757548114,0,1
2024-12-05,0.835782384835074,0.0,1.0,0.15000000000000036,0.24830699774266418,0.7616191702547412,0.9933571308145436,2,-1
2024-12-06,0.8367918783185522,0.0,1.0,0.15000000000000036,0.2392776523702036,0.738380829745259,1.0,2,1
2024-12-09,0.8638250115446493,0.0,1.0,0.15000000000000036,0.24717832957110564,0.793103433484863,0.9836033585771492,0,1
2024-12-10,0.9000560373290085,0.0,1.0,0.15000000000000036,0.18171557562076712,0.7938530758212539,0.9757424446135167,0,1
2024-12-11,0.9266405638375406,0.0,1.0,0.15000000000000036,0.1772009029345376,0.7976012875032066,0.9973358346077913,2,1
2024-12-12,0.8853617283185693,0.0,1.0,0.15000000000000036,0.18397291196388266,0.7346327610429622,0.9829022286389651,2,-1
2024-12-13,0.8518226851568178,0.0,1.0,0.15000000000000036,0.16591422121896304,0.7008995708036685,0.9828320514587016,1,-1
2024-12-16,0.8584408751408208,0.0,1.0,0.15000000000000036,0.18171557562076712,0.7046476395059653,0.9929059001036401,1,1
2024-12-17,0.8478968201126436,0.0,1.0,0.15000000000000036,0.17494356659142207,0.7053972818423557,0.9826217338727278,2,-1
2024-12-18,0.7954009339098422,0.0,1.0,0.15000000000000036,0.13318284424379234,0.6334333333047373,0.9044287363571714,2,-1
2024-12-19,0.7992148612228873,0.0,1.0,0.15000000000000036,0.00677200902934616,0.608695708122474,0.9022027504319751,2,1
2024-12-20,0.8272574879324623,0.0,1.0,0.15000000000000036,0.0891647855530473,0.6386806866798149,0.930145463601579,2,1
2024-12-23,0.8144700569992407,0.0,1.0,0.15000000000000036,0.06546275395033851,0.643928040054893,0.9490834603511774,0,-1
2024-12-24,0.8198541934030683,0.0,1.0,0.15000000000000036,0.04176072234762973,0.6461769670640645,0.977990253930136,0,1
2024-12-26,0.8381380407884667,0.0,1.0,0.15000000000000036,0.08126410835214526,0.6551723891414389,0.9769166286540277,2,1
2024-12-27,0.8194054155268935,0.0,1.0,0.15000000000000036,0.08126410835214526,0.626686695256879,0.9476681492309179,1,-1
2024-12-30,0.8107684097345438,0.0,1.0,0.15000000000000036,0.03950338600451542,0.6019490700746153,0.9196685240797592,2,-1
2024-12-31,0.8275939857602885,0.0,1.0,0.15000000000000036,0.0,0.5944527896903657,0.9085781760950852,2,1
